timestamp,station_id,temperature_c,wind_speed_mps,humidity_percent,power_consumption_kw,battery_level_percent,fuel_level_percent,water_level_percent,generator_temperature_c,generator_load_percent,generator_rpm,generator_status,anomaly
2026-01-01 00:00:00,MAITRI,-22.52,8.62,54.64,342.01,81.77,83.98,81.41,72.65,52.38,1504,RUNNING,0
2026-01-01 00:10:00,BHARATI,-25.69,11.28,64.63,375.83,78.47,84.53,77.74,73.55,53.85,1491,RUNNING,0
2026-01-01 00:20:00,MAITRI,-21.76,8.04,65.22,354.06,80.79,84.08,79.59,82.79,46.93,1508,RUNNING,0
2026-01-01 00:30:00,BHARATI,-17.38,10.46,70.67,381.64,87.0,85.13,79.93,77.78,52.67,1493,RUNNING,0
2026-01-01 00:40:00,MAITRI,-26.17,2.53,48.6,405.01,90.94,86.75,80.0,85.05,59.23,1509,RUNNING,0
2026-01-01 00:50:00,BHARATI,-26.17,13.07,72.11,478.6,85.99,83.78,80.19,74.98,75.65,1497,RUNNING,0
2026-01-01 01:00:00,MAITRI,-17.1,12.01,32.55,397.52,82.71,86.43,80.7,74.6,54.85,1479,RUNNING,0
2026-01-01 01:10:00,BHARATI,-21.16,7.91,57.44,309.01,92.49,83.74,79.92,67.4,47.36,1488,RUNNING,0
2026-01-01 01:20:00,MAITRI,-27.35,15.3,59.14,499.8,79.81,83.63,79.51,74.26,70.09,1495,RUNNING,0
2026-01-01 01:30:00,BHARATI,-22.29,16.69,72.6,361.4,89.22,86.12,79.46,81.64,52.07,1516,RUNNING,0
2026-01-01 01:40:00,MAITRI,-27.32,3.96,65.27,415.89,79.98,86.26,79.21,73.31,65.47,1511,RUNNING,0
2026-01-01 01:50:00,BHARATI,-27.33,8.19,48.13,451.26,85.02,86.15,80.88,83.96,67.52,1519,RUNNING,0
2026-01-01 02:00:00,MAITRI,-23.79,8.15,53.18,433.97,81.21,82.88,79.15,70.88,57.03,1520,RUNNING,0
2026-01-01 02:10:00,BHARATI,-34.57,7.3,67.38,496.59,81.61,84.15,80.94,73.2,68.65,1494,RUNNING,0
2026-01-01 02:20:00,MAITRI,-33.62,16.15,64.05,453.53,79.36,86.07,79.94,74.97,69.81,1498,RUNNING,0
2026-01-01 02:30:00,BHARATI,-27.81,11.03,58.05,359.71,91.41,84.88,79.28,73.74,51.95,1495,RUNNING,0
2026-01-01 02:40:00,MAITRI,-30.06,10.68,59.23,572.5,76.87,83.2,80.65,83.0,77.19,1492,RUNNING,0
2026-01-01 02:50:00,BHARATI,-23.43,1.98,73.35,433.6,76.82,85.48,79.03,77.64,58.67,1478,RUNNING,0
2026-01-01 03:00:00,MAITRI,-29.54,15.18,58.79,409.69,96.85,83.71,80.66,73.58,61.34,1500,RUNNING,0
2026-01-01 03:10:00,BHARATI,-32.06,5.8,63.94,487.47,88.84,87.46,80.14,76.65,73.62,1485,RUNNING,0
2026-01-01 03:20:00,MAITRI,-17.67,12.3,91.04,437.46,65.3,87.08,79.16,74.66,62.57,1500,RUNNING,0
2026-01-01 03:30:00,BHARATI,-26.13,13.39,47.92,447.95,78.04,85.65,80.51,72.54,73.89,1525,RUNNING,0
2026-01-01 03:40:00,MAITRI,-24.66,18.8,42.78,594.45,69.32,86.78,80.52,76.31,88.22,1494,RUNNING,0
2026-01-01 03:50:00,BHARATI,-32.12,5.46,74.4,400.74,75.35,84.82,81.25,79.13,56.27,1502,RUNNING,0
2026-01-01 04:00:00,MAITRI,-27.72,0.0,56.86,397.76,60.03,85.86,81.02,67.63,53.56,1511,RUNNING,0
2026-01-01 04:10:00,BHARATI,-24.45,12.92,61.18,428.16,81.04,86.92,80.44,82.17,57.27,1503,RUNNING,0
2026-01-01 04:20:00,MAITRI,-30.75,21.0,55.63,495.01,74.01,85.06,78.49,76.0,72.06,1504,RUNNING,0
2026-01-01 04:30:00,BHARATI,-23.12,18.19,61.88,314.54,82.42,84.29,82.78,69.77,42.98,1496,RUNNING,0
2026-01-01 04:40:00,MAITRI,-28.0,13.05,84.18,282.41,70.62,82.11,78.15,75.02,47.04,1497,RUNNING,0
2026-01-01 04:50:00,BHARATI,-26.46,9.54,74.63,378.9,82.58,84.53,80.97,80.41,59.99,1488,RUNNING,0
2026-01-01 05:00:00,MAITRI,-28.01,16.04,75.35,305.63,79.1,85.88,80.34,77.11,46.19,1510,RUNNING,0
2026-01-01 05:10:00,BHARATI,-15.74,7.13,48.01,390.26,92.51,86.05,78.41,76.76,51.04,1479,RUNNING,0
2026-01-01 05:20:00,MAITRI,-25.07,14.38,51.19,455.17,91.88,85.37,79.66,80.73,62.34,1512,RUNNING,0
2026-01-01 05:30:00,BHARATI,-30.29,14.53,30.93,357.65,87.5,83.79,79.71,67.08,56.12,1483,RUNNING,0
2026-01-01 05:40:00,MAITRI,-20.89,17.3,55.29,320.12,79.71,81.63,81.36,70.92,43.48,1512,RUNNING,0
2026-01-01 05:50:00,BHARATI,-31.1,25.8,76.48,424.85,95.9,83.84,78.93,71.98,65.18,1496,RUNNING,0
2026-01-01 06:00:00,MAITRI,-23.96,13.96,71.2,480.38,71.13,84.11,79.47,81.91,70.52,1485,RUNNING,0
2026-01-01 06:10:00,BHARATI,-34.8,9.46,62.34,301.35,72.18,84.09,76.97,71.0,43.26,1507,RUNNING,0
2026-01-01 06:20:00,MAITRI,-31.64,11.87,64.73,477.42,81.41,85.47,81.85,80.32,65.39,1511,RUNNING,0
2026-01-01 06:30:00,BHARATI,-24.02,3.15,56.73,477.21,97.78,87.51,78.48,79.07,67.8,1495,RUNNING,0
2026-01-01 06:40:00,MAITRI,-21.31,8.53,67.46,486.79,80.58,84.71,80.15,73.72,70.3,1509,RUNNING,0
2026-01-01 06:50:00,BHARATI,-24.14,9.95,74.19,505.29,80.72,84.18,79.63,75.28,76.31,1473,RUNNING,0
2026-01-01 07:00:00,MAITRI,-25.58,9.38,45.61,574.14,71.91,84.11,79.63,84.53,78.48,1484,RUNNING,0
2026-01-01 07:10:00,BHARATI,-26.51,12.76,68.6,395.07,88.62,84.67,80.71,71.77,55.39,1516,RUNNING,0
2026-01-01 07:20:00,MAITRI,-32.39,7.89,76.19,427.67,88.67,83.23,81.74,76.19,61.28,1497,RUNNING,0
2026-01-01 07:30:00,BHARATI,-28.6,17.61,60.02,390.85,87.52,84.64,80.03,71.64,58.49,1478,RUNNING,0
2026-01-01 07:40:00,MAITRI,-27.3,12.0,73.41,420.14,77.6,85.12,80.51,74.25,56.39,1492,RUNNING,0
2026-01-01 07:50:00,BHARATI,-19.71,11.95,95.0,527.3,77.05,84.75,80.11,78.0,70.06,1489,RUNNING,0
2026-01-01 08:00:00,MAITRI,-23.28,10.36,63.75,325.85,72.95,85.11,80.93,70.01,49.25,1498,RUNNING,0
2026-01-01 08:10:00,BHARATI,-33.82,12.78,69.72,359.73,82.59,85.06,79.15,70.15,45.32,1496,RUNNING,0
2026-01-01 08:20:00,MAITRI,-23.38,16.13,56.14,516.4,74.44,81.74,80.99,79.06,78.91,1502,RUNNING,0
2026-01-01 08:30:00,BHARATI,-26.93,7.66,67.18,491.4,73.76,85.34,81.03,73.91,69.58,1499,RUNNING,0
2026-01-01 08:40:00,MAITRI,-28.38,8.71,70.52,394.58,79.03,83.37,80.99,71.62,50.18,1516,RUNNING,0
2026-01-01 08:50:00,BHARATI,-21.94,10.48,67.34,479.81,78.58,82.72,78.89,73.24,66.62,1505,RUNNING,0
2026-01-01 09:00:00,MAITRI,-19.85,5.27,52.76,443.89,78.23,82.7,79.47,75.79,64.93,1505,RUNNING,0
2026-01-01 09:10:00,BHARATI,-20.34,7.9,67.48,525.02,85.27,84.99,79.96,81.9,72.87,1514,RUNNING,0
2026-01-01 09:20:00,MAITRI,-29.2,9.62,82.55,425.22,82.55,83.99,78.02,81.66,60.83,1495,RUNNING,0
2026-01-01 09:30:00,BHARATI,-26.55,16.37,70.38,491.79,79.98,81.79,81.57,74.39,73.22,1485,RUNNING,0
2026-01-01 09:40:00,MAITRI,-23.34,13.31,76.54,604.94,83.28,85.02,79.64,88.72,85.61,1514,RUNNING,0
2026-01-01 09:50:00,BHARATI,-20.12,12.97,62.16,461.87,75.06,82.13,79.99,72.53,62.23,1502,RUNNING,0
2026-01-01 10:00:00,MAITRI,-27.4,16.25,74.0,423.45,82.74,84.49,78.95,79.92,59.3,1502,RUNNING,0
2026-01-01 10:10:00,BHARATI,-25.93,11.31,68.35,470.57,83.05,84.63,78.04,73.88,72.88,1492,RUNNING,0
2026-01-01 10:20:00,MAITRI,-30.53,13.95,53.59,394.43,71.48,85.58,78.9,71.38,63.09,1493,RUNNING,0
2026-01-01 10:30:00,BHARATI,-30.98,11.48,68.82,587.16,88.97,86.92,79.89,76.7,75.8,1510,RUNNING,0
2026-01-01 10:40:00,MAITRI,-20.94,13.33,53.1,432.6,75.83,82.18,80.42,75.61,66.16,1512,RUNNING,0
2026-01-01 10:50:00,BHARATI,-18.22,9.09,57.41,400.89,82.63,84.14,79.8,77.34,58.27,1509,RUNNING,0
2026-01-01 11:00:00,MAITRI,-25.36,0.0,67.27,361.5,90.15,83.79,80.02,76.72,55.34,1510,RUNNING,0
2026-01-01 11:10:00,BHARATI,-19.98,11.33,68.57,496.81,88.48,84.85,79.19,73.64,68.77,1507,RUNNING,0
2026-01-01 11:20:00,MAITRI,-23.19,19.11,50.73,480.7,82.24,84.51,80.19,73.06,61.6,1502,RUNNING,0
2026-01-01 11:30:00,BHARATI,-28.23,16.63,77.65,385.19,79.46,83.64,81.37,70.96,57.36,1498,RUNNING,0
2026-01-01 11:40:00,MAITRI,-23.19,16.83,71.86,460.35,88.63,83.5,80.43,76.06,62.0,1515,RUNNING,0
2026-01-01 11:50:00,BHARATI,-17.31,18.18,56.54,314.4,86.72,82.47,80.55,72.02,39.36,1496,RUNNING,0
2026-01-01 12:00:00,MAITRI,-25.18,12.44,46.55,432.95,77.67,85.62,79.92,72.02,56.58,1504,RUNNING,0
2026-01-01 12:10:00,BHARATI,-17.18,12.99,63.26,451.69,76.44,84.81,77.76,77.37,66.93,1490,RUNNING,0
2026-01-01 12:20:00,MAITRI,-38.1,8.91,59.65,539.51,67.49,85.49,78.3,87.54,77.63,1492,RUNNING,0
2026-01-01 12:30:00,BHARATI,-20.89,10.42,66.36,366.04,83.08,83.63,80.1,72.13,55.42,1497,RUNNING,0
2026-01-01 12:40:00,MAITRI,-24.56,15.08,60.64,330.52,81.42,83.1,79.53,71.53,49.89,1490,RUNNING,0
2026-01-01 12:50:00,BHARATI,-26.5,18.02,40.91,357.32,89.95,82.46,80.07,76.17,49.36,1510,RUNNING,0
2026-01-01 13:00:00,MAITRI,-24.54,11.3,60.34,326.44,84.51,84.6,81.54,70.93,46.35,1484,RUNNING,0
2026-01-01 13:10:00,BHARATI,-34.94,9.75,61.33,513.57,91.34,82.49,80.4,80.52,71.32,1501,RUNNING,0
2026-01-01 13:20:00,MAITRI,-26.1,12.0,72.6,528.4,77.12,86.81,81.03,75.34,74.65,1502,RUNNING,0
2026-01-01 13:30:00,BHARATI,-23.21,15.01,56.62,442.42,89.97,82.07,79.63,83.39,59.33,1478,RUNNING,0
2026-01-01 13:40:00,MAITRI,-17.61,4.78,85.14,505.49,78.3,84.43,78.54,79.02,73.77,1495,RUNNING,0
2026-01-01 13:50:00,BHARATI,-27.59,0.52,42.06,429.38,87.44,86.35,79.43,73.25,65.64,1503,RUNNING,0
2026-01-01 14:00:00,MAITRI,-29.04,9.25,80.73,413.34,71.79,84.89,78.53,72.98,55.78,1505,RUNNING,0
2026-01-01 14:10:00,BHARATI,-27.51,5.9,62.31,396.69,83.65,84.24,81.36,72.86,61.79,1498,RUNNING,0
2026-01-01 14:20:00,MAITRI,-20.42,9.46,75.32,398.27,68.11,82.52,80.43,80.45,57.35,1508,RUNNING,0
2026-01-01 14:30:00,BHARATI,-23.36,11.26,65.96,311.65,80.13,81.88,80.1,67.72,45.49,1499,RUNNING,0
2026-01-01 14:40:00,MAITRI,-27.65,9.73,78.67,438.5,85.08,85.1,80.96,73.29,55.84,1500,RUNNING,0
2026-01-01 14:50:00,BHARATI,-22.43,19.26,60.35,417.18,78.35,86.19,77.04,73.18,52.37,1503,RUNNING,0
2026-01-01 15:00:00,MAITRI,-24.51,13.63,51.82,472.18,74.65,83.26,80.17,76.74,68.03,1511,RUNNING,0
2026-01-01 15:10:00,BHARATI,-20.16,13.5,82.05,426.55,87.92,82.2,77.88,74.58,64.09,1492,RUNNING,0
2026-01-01 15:20:00,MAITRI,-28.51,15.11,63.64,408.61,81.28,80.21,79.44,69.25,55.69,1494,RUNNING,0
2026-01-01 15:30:00,BHARATI,-26.64,6.31,67.66,359.02,78.57,82.41,79.07,72.38,57.97,1492,RUNNING,0
2026-01-01 15:40:00,MAITRI,-26.96,17.2,79.82,425.05,82.29,83.7,80.23,75.23,63.66,1496,RUNNING,0
2026-01-01 15:50:00,BHARATI,-32.32,11.62,52.62,471.68,98.0,86.26,79.7,74.28,63.75,1517,RUNNING,0
2026-01-01 16:00:00,MAITRI,-23.52,15.35,72.15,339.97,90.07,84.86,81.04,76.25,48.69,1507,RUNNING,0
2026-01-01 16:10:00,BHARATI,-23.69,6.64,57.92,426.12,90.14,84.29,78.7,79.33,70.78,1486,RUNNING,0
2026-01-01 16:20:00,MAITRI,-24.97,4.23,63.41,436.31,85.05,83.22,80.26,75.59,57.36,1493,RUNNING,0
2026-01-01 16:30:00,BHARATI,-26.17,16.09,65.87,369.74,83.17,82.94,79.6,75.17,54.93,1504,RUNNING,0
2026-01-01 16:40:00,MAITRI,-32.08,13.88,47.0,378.85,65.23,85.91,77.44,65.83,52.83,1489,RUNNING,0
2026-01-01 16:50:00,BHARATI,-27.1,7.49,55.65,436.14,77.25,84.09,78.29,74.22,65.13,1491,RUNNING,0
2026-01-01 17:00:00,MAITRI,-26.71,7.65,81.21,340.66,78.64,80.62,79.21,77.54,53.73,1516,RUNNING,0
2026-01-01 17:10:00,BHARATI,-29.01,17.63,75.63,444.49,68.88,82.75,80.72,74.42,61.95,1493,RUNNING,0
2026-01-01 17:20:00,MAITRI,-25.81,6.05,64.25,357.33,73.9,82.46,79.93,70.98,55.52,1511,RUNNING,0
2026-01-01 17:30:00,BHARATI,-22.98,20.21,67.92,494.4,68.13,82.92,77.97,86.47,79.51,1515,RUNNING,0
2026-01-01 17:40:00,MAITRI,-15.57,7.5,61.47,583.65,81.73,84.57,79.2,86.87,83.64,1491,RUNNING,0
2026-01-01 17:50:00,BHARATI,-24.13,15.19,81.28,359.75,87.73,83.55,81.78,75.86,54.53,1489,RUNNING,0
2026-01-01 18:00:00,MAITRI,-23.71,10.36,62.6,457.39,89.75,83.59,79.49,80.99,62.98,1497,RUNNING,0
2026-01-01 18:10:00,BHARATI,-25.37,15.02,67.78,369.13,84.9,85.66,78.95,65.32,52.81,1487,RUNNING,0
2026-01-01 18:20:00,MAITRI,-34.59,9.28,78.75,492.87,75.26,82.64,79.93,74.17,69.7,1501,RUNNING,0
2026-01-01 18:30:00,BHARATI,-25.13,11.19,55.67,331.43,68.48,86.46,80.25,71.41,50.54,1498,RUNNING,0
2026-01-01 18:40:00,MAITRI,-24.7,12.2,83.71,453.64,69.7,82.65,78.78,75.4,69.62,1504,RUNNING,0
2026-01-01 18:50:00,BHARATI,-12.68,6.99,46.63,358.89,73.12,83.78,79.93,72.01,50.83,1517,RUNNING,0
2026-01-01 19:00:00,MAITRI,-25.96,15.7,84.56,405.51,75.78,83.21,78.92,64.94,64.06,1510,RUNNING,0
2026-01-01 19:10:00,BHARATI,-23.49,9.43,60.53,347.83,80.88,83.81,80.17,75.24,55.81,1506,RUNNING,0
2026-01-01 19:20:00,MAITRI,-25.17,10.86,62.09,477.56,74.9,84.27,79.51,79.11,71.61,1476,RUNNING,0
2026-01-01 19:30:00,BHARATI,-30.84,7.03,42.32,361.41,84.37,84.25,79.88,80.44,49.57,1505,RUNNING,0
2026-01-01 19:40:00,MAITRI,-19.29,0.0,59.54,458.64,80.37,82.45,78.38,73.31,63.07,1521,RUNNING,0
2026-01-01 19:50:00,BHARATI,-21.24,11.04,52.52,395.91,82.07,81.89,78.3,71.42,53.31,1464,RUNNING,0
2026-01-01 20:00:00,MAITRI,-21.04,24.06,57.71,411.99,89.98,87.31,80.41,64.58,62.65,1508,RUNNING,0
2026-01-01 20:10:00,BHARATI,-29.55,15.92,63.35,430.34,73.74,82.82,79.18,74.58,56.63,1498,RUNNING,0
2026-01-01 20:20:00,MAITRI,-17.99,11.9,76.49,366.67,84.93,84.58,79.61,77.77,55.09,1490,RUNNING,0
2026-01-01 20:30:00,BHARATI,-32.01,10.69,67.49,434.73,81.9,81.11,78.89,73.42,57.78,1510,RUNNING,0
2026-01-01 20:40:00,MAITRI,-22.07,12.11,68.69,527.12,79.67,83.09,80.33,86.75,78.6,1521,RUNNING,0
2026-01-01 20:50:00,BHARATI,-14.05,14.74,51.85,365.53,88.2,83.31,78.52,73.11,52.29,1509,RUNNING,0
2026-01-01 21:00:00,MAITRI,-29.95,6.1,54.43,502.03,88.15,84.2,79.08,78.14,77.05,1496,RUNNING,0
2026-01-01 21:10:00,BHARATI,-27.83,17.57,86.58,524.87,75.37,79.39,80.18,72.67,79.55,1489,RUNNING,0
2026-01-01 21:20:00,MAITRI,-24.5,15.58,56.18,362.87,80.72,83.71,80.64,75.22,57.58,1502,RUNNING,0
2026-01-01 21:30:00,BHARATI,-27.52,15.59,84.87,318.15,83.97,81.73,78.6,65.04,51.29,1510,RUNNING,0
2026-01-01 21:40:00,MAITRI,-32.75,14.19,62.08,441.14,80.09,83.93,81.57,78.8,63.59,1495,RUNNING,0
2026-01-01 21:50:00,BHARATI,-24.66,12.1,65.03,381.68,86.1,81.87,79.59,77.44,49.89,1497,RUNNING,0
2026-01-01 22:00:00,MAITRI,-30.31,15.36,77.84,550.8,83.97,82.13,77.96,84.21,74.48,1534,RUNNING,0
2026-01-01 22:10:00,BHARATI,-22.63,14.96,80.26,422.44,94.83,82.99,79.64,71.48,52.0,1513,RUNNING,0
2026-01-01 22:20:00,MAITRI,-29.6,10.23,63.67,363.85,71.29,81.81,78.74,74.74,47.64,1514,RUNNING,0
2026-01-01 22:30:00,BHARATI,-17.25,9.13,60.34,339.7,81.14,82.67,79.71,75.75,48.8,1482,RUNNING,0
2026-01-01 22:40:00,MAITRI,-28.92,12.51,64.33,496.29,75.64,81.58,79.13,79.18,68.66,1492,RUNNING,0
2026-01-01 22:50:00,BHARATI,-26.61,19.75,69.06,380.02,86.23,80.61,79.27,71.04,53.57,1501,RUNNING,0
2026-01-01 23:00:00,MAITRI,-20.93,5.8,75.7,423.07,70.68,84.87,78.08,66.01,62.41,1488,RUNNING,0
2026-01-01 23:10:00,BHARATI,-31.15,4.66,65.05,486.91,84.42,81.39,80.35,78.56,68.34,1519,RUNNING,0
2026-01-01 23:20:00,MAITRI,-23.86,12.82,72.43,386.1,77.59,83.05,77.77,74.04,50.67,1517,RUNNING,0
2026-01-01 23:30:00,BHARATI,-18.46,12.25,84.66,416.78,76.86,84.44,77.82,73.15,59.33,1494,RUNNING,0
2026-01-01 23:40:00,MAITRI,-33.04,12.87,69.58,418.84,71.87,82.37,79.59,78.53,56.24,1521,RUNNING,0
2026-01-01 23:50:00,BHARATI,-24.08,13.22,68.74,467.83,78.74,82.05,81.07,76.52,65.75,1500,RUNNING,0
2026-01-02 00:00:00,MAITRI,-23.7,10.88,46.77,461.35,89.59,83.61,78.71,71.26,71.28,1531,RUNNING,0
2026-01-02 00:10:00,BHARATI,-21.09,19.45,33.43,404.59,81.82,84.94,79.97,67.39,56.72,1502,RUNNING,0
2026-01-02 00:20:00,MAITRI,-31.18,4.0,69.66,424.46,86.39,81.49,80.41,71.1,67.72,1507,RUNNING,0
2026-01-02 00:30:00,BHARATI,-31.6,7.86,63.86,393.98,93.65,83.01,80.1,84.42,62.01,1517,RUNNING,0
2026-01-02 00:40:00,MAITRI,-22.39,11.48,58.82,316.57,83.85,80.63,78.74,75.81,42.91,1515,RUNNING,0
2026-01-02 00:50:00,BHARATI,-23.52,3.78,67.92,438.03,78.09,82.62,77.8,76.71,58.13,1506,RUNNING,0
2026-01-02 01:00:00,MAITRI,-23.75,11.12,64.28,552.45,85.27,83.25,76.45,78.08,78.71,1498,RUNNING,0
2026-01-02 01:10:00,BHARATI,-23.27,20.31,78.53,358.14,78.19,81.91,78.78,72.96,55.78,1506,RUNNING,0
2026-01-02 01:20:00,MAITRI,-28.4,12.1,66.03,365.89,78.47,82.49,80.5,78.82,50.31,1490,RUNNING,0
2026-01-02 01:30:00,BHARATI,-23.84,13.15,56.04,359.05,71.36,81.05,77.73,72.01,54.93,1502,RUNNING,0
2026-01-02 01:40:00,MAITRI,-23.53,5.7,76.88,470.72,88.48,83.27,79.92,79.08,72.08,1487,RUNNING,0
2026-01-02 01:50:00,BHARATI,-28.57,8.92,62.39,451.39,79.3,84.72,77.93,74.89,61.39,1479,RUNNING,0
2026-01-02 02:00:00,MAITRI,-15.67,10.12,71.32,408.9,83.27,81.48,79.19,82.98,55.71,1501,RUNNING,0
2026-01-02 02:10:00,BHARATI,-22.63,10.41,59.27,355.74,74.75,82.18,79.91,76.86,53.67,1515,RUNNING,0
2026-01-02 02:20:00,MAITRI,-30.96,18.41,57.2,426.47,85.05,83.86,78.26,80.64,61.53,1511,RUNNING,0
2026-01-02 02:30:00,BHARATI,-21.72,14.79,66.01,310.48,76.67,84.91,79.25,70.42,41.61,1499,RUNNING,0
2026-01-02 02:40:00,MAITRI,-29.87,6.44,65.15,430.04,81.01,80.84,78.54,79.98,60.03,1521,RUNNING,0
2026-01-02 02:50:00,BHARATI,-21.06,13.23,70.76,481.01,88.14,82.81,79.88,75.77,68.43,1493,RUNNING,0
2026-01-02 03:00:00,MAITRI,-19.21,14.49,61.78,332.42,87.54,83.48,79.31,73.75,41.23,1477,RUNNING,0
2026-01-02 03:10:00,BHARATI,-29.1,17.7,42.96,312.72,81.85,82.89,79.09,79.36,47.74,1474,RUNNING,0
2026-01-02 03:20:00,MAITRI,-20.18,19.9,59.81,530.56,69.62,79.32,80.89,74.09,73.88,1486,RUNNING,0
2026-01-02 03:30:00,BHARATI,-22.94,6.92,74.53,377.18,98.0,83.77,79.8,75.24,42.75,1510,RUNNING,0
2026-01-02 03:40:00,MAITRI,-20.89,7.95,61.43,499.52,94.22,85.29,78.18,79.24,71.26,1492,RUNNING,0
2026-01-02 03:50:00,BHARATI,-15.52,5.71,62.04,409.22,87.06,83.17,78.89,77.31,55.49,1506,RUNNING,0
2026-01-02 04:00:00,MAITRI,-26.23,10.83,76.84,408.66,76.73,81.44,78.9,73.41,65.14,1520,RUNNING,0
2026-01-02 04:10:00,BHARATI,-28.77,14.33,56.46,450.69,81.2,82.2,79.08,84.61,62.04,1487,RUNNING,0
2026-01-02 04:20:00,MAITRI,-29.45,16.94,46.49,358.12,78.2,85.61,82.01,68.77,46.77,1506,RUNNING,0
2026-01-02 04:30:00,BHARATI,-29.08,11.62,63.07,429.27,90.85,84.31,79.42,81.57,63.36,1506,RUNNING,0
2026-01-02 04:40:00,MAITRI,-25.39,10.4,59.19,393.3,83.84,83.9,76.52,79.69,53.54,1490,RUNNING,0
2026-01-02 04:50:00,BHARATI,-23.29,12.76,53.41,327.57,76.51,83.46,78.31,80.79,43.68,1516,RUNNING,0
2026-01-02 05:00:00,MAITRI,-23.62,7.82,62.9,443.62,78.7,81.92,76.64,69.74,65.41,1497,RUNNING,0
2026-01-02 05:10:00,BHARATI,-20.86,22.45,70.9,401.57,89.85,82.6,78.55,71.56,53.21,1495,RUNNING,0
2026-01-02 05:20:00,MAITRI,-24.93,3.96,64.89,409.01,93.2,82.77,76.56,81.19,52.6,1525,RUNNING,0
2026-01-02 05:30:00,BHARATI,-17.73,12.92,68.68,335.29,92.7,83.7,77.89,65.87,54.8,1506,RUNNING,0
2026-01-02 05:40:00,MAITRI,-26.32,22.12,86.76,531.4,87.3,85.13,77.11,71.86,78.23,1511,RUNNING,0
2026-01-02 05:50:00,BHARATI,-11.4,12.03,60.89,481.37,80.23,84.53,79.39,75.08,67.71,1516,RUNNING,0
2026-01-02 06:00:00,MAITRI,-21.87,11.05,68.34,487.49,59.31,80.71,78.92,77.96,69.63,1492,RUNNING,0
2026-01-02 06:10:00,BHARATI,-29.29,10.21,58.89,398.62,84.08,83.16,79.28,81.33,58.97,1515,RUNNING,0
2026-01-02 06:20:00,MAITRI,-30.35,11.1,54.84,298.96,81.99,83.92,78.78,71.73,46.6,1494,RUNNING,0
2026-01-02 06:30:00,BHARATI,-22.59,18.86,57.98,556.7,82.98,83.73,77.23,76.48,76.51,1493,RUNNING,0
2026-01-02 06:40:00,MAITRI,-26.12,0.94,59.25,415.72,82.38,81.85,79.51,76.64,60.85,1497,RUNNING,0
2026-01-02 06:50:00,BHARATI,-21.43,19.67,69.31,367.58,72.72,87.15,81.2,76.07,50.49,1493,RUNNING,0
2026-01-02 07:00:00,MAITRI,-22.63,4.88,93.19,449.18,85.9,80.85,79.38,77.99,63.41,1510,RUNNING,0
2026-01-02 07:10:00,BHARATI,-25.36,10.67,56.41,501.7,86.43,81.13,78.37,76.83,72.31,1503,RUNNING,0
2026-01-02 07:20:00,MAITRI,-29.23,9.85,60.0,418.39,86.78,83.09,77.16,67.64,59.74,1494,RUNNING,0
2026-01-02 07:30:00,BHARATI,-32.57,14.94,64.24,509.5,88.63,85.91,77.78,74.07,75.73,1508,RUNNING,0
2026-01-02 07:40:00,MAITRI,-27.23,4.01,69.75,495.81,86.23,81.47,79.4,83.08,72.78,1497,RUNNING,0
2026-01-02 07:50:00,BHARATI,-20.72,14.31,68.16,344.65,79.13,82.31,80.14,74.36,43.2,1496,RUNNING,0
2026-01-02 08:00:00,MAITRI,-23.93,22.12,80.41,372.83,81.5,84.31,79.16,73.03,47.83,1501,RUNNING,0
2026-01-02 08:10:00,BHARATI,-31.23,5.18,35.88,487.03,82.64,82.66,79.8,81.65,68.1,1506,RUNNING,0
2026-01-02 08:20:00,MAITRI,-24.13,12.95,36.36,230.12,82.75,82.17,79.69,66.23,40.19,1505,RUNNING,0
2026-01-02 08:30:00,BHARATI,-23.07,8.69,59.05,409.54,88.99,83.51,79.44,74.34,55.1,1496,RUNNING,0
2026-01-02 08:40:00,MAITRI,-29.42,14.13,78.17,319.84,86.51,83.06,78.03,73.55,44.86,1510,RUNNING,0
2026-01-02 08:50:00,BHARATI,-24.23,12.1,46.21,386.64,96.54,84.18,79.03,72.9,53.09,1497,RUNNING,0
2026-01-02 09:00:00,MAITRI,-24.71,8.79,28.91,399.08,97.45,84.56,77.79,75.38,54.8,1492,RUNNING,0
2026-01-02 09:10:00,BHARATI,-30.71,14.44,71.85,394.92,82.56,83.07,78.83,74.12,57.13,1482,RUNNING,0
2026-01-02 09:20:00,MAITRI,-23.21,21.02,67.92,381.34,55.14,83.04,79.2,68.94,60.08,1512,RUNNING,0
2026-01-02 09:30:00,BHARATI,-22.2,11.05,51.92,343.2,90.66,82.91,80.81,74.31,50.85,1500,RUNNING,0
2026-01-02 09:40:00,MAITRI,-19.58,15.6,53.17,580.43,78.22,83.31,77.22,74.2,79.7,1503,RUNNING,0
2026-01-02 09:50:00,BHARATI,-19.73,5.53,53.36,550.72,76.39,82.65,79.36,79.43,89.69,1513,RUNNING,0
2026-01-02 10:00:00,MAITRI,-31.89,7.22,66.33,338.66,79.21,82.55,80.55,78.96,48.69,1494,RUNNING,0
2026-01-02 10:10:00,BHARATI,-29.69,14.36,57.48,530.75,78.87,84.33,79.68,77.14,73.51,1484,RUNNING,0
2026-01-02 10:20:00,MAITRI,-22.42,19.42,70.93,392.04,86.29,84.8,79.76,70.12,61.65,1501,RUNNING,0
2026-01-02 10:30:00,BHARATI,-22.43,13.78,30.74,429.04,71.08,80.25,79.46,75.22,59.42,1504,RUNNING,0
2026-01-02 10:40:00,MAITRI,-22.42,10.43,54.72,415.57,74.46,82.52,80.31,72.06,66.02,1497,RUNNING,0
2026-01-02 10:50:00,BHARATI,-5.74,12.0,51.49,373.82,84.4,81.46,77.44,76.72,49.92,1518,RUNNING,0
2026-01-02 11:00:00,MAITRI,-22.15,5.75,61.92,488.87,86.36,82.01,77.08,76.63,75.56,1470,RUNNING,0
2026-01-02 11:10:00,BHARATI,-19.32,15.02,58.54,428.81,86.49,83.07,78.73,82.56,62.06,1513,RUNNING,0
2026-01-02 11:20:00,MAITRI,-20.23,16.41,74.57,386.64,76.49,83.46,76.13,79.32,60.4,1509,RUNNING,0
2026-01-02 11:30:00,BHARATI,-21.74,9.74,42.69,328.68,75.15,82.28,80.2,72.6,54.56,1505,RUNNING,0
2026-01-02 11:40:00,MAITRI,-26.58,9.65,65.55,357.45,78.45,79.56,80.18,76.8,46.53,1460,RUNNING,0
2026-01-02 11:50:00,BHARATI,-21.21,13.33,71.7,305.1,83.68,80.97,78.19,71.05,48.69,1515,RUNNING,0
2026-01-02 12:00:00,MAITRI,-28.86,9.82,87.28,420.86,92.4,83.75,78.26,75.66,54.49,1488,RUNNING,0
2026-01-02 12:10:00,BHARATI,-26.18,11.67,59.22,336.23,67.67,78.29,78.61,71.96,43.84,1494,RUNNING,0
2026-01-02 12:20:00,MAITRI,-27.43,22.5,68.89,401.41,80.45,84.17,78.75,78.1,54.13,1498,RUNNING,0
2026-01-02 12:30:00,BHARATI,-24.59,10.76,43.35,515.91,72.67,83.15,78.84,83.63,75.72,1505,RUNNING,0
2026-01-02 12:40:00,MAITRI,-13.43,10.21,36.3,503.95,70.43,84.33,79.35,80.79,72.13,1508,RUNNING,0
2026-01-02 12:50:00,BHARATI,-34.34,8.76,75.14,417.74,88.77,82.05,78.47,79.13,59.01,1511,RUNNING,0
2026-01-02 13:00:00,MAITRI,-21.57,15.72,64.93,413.9,85.81,79.24,79.8,79.04,59.71,1510,RUNNING,0
2026-01-02 13:10:00,BHARATI,-33.06,11.09,79.14,551.59,85.15,82.97,79.2,80.99,81.16,1503,RUNNING,0
2026-01-02 13:20:00,MAITRI,-27.36,8.75,48.52,456.45,88.45,84.22,77.93,71.85,67.88,1505,RUNNING,0
2026-01-02 13:30:00,BHARATI,-19.56,18.61,71.24,397.05,78.64,83.69,80.25,81.73,61.1,1487,RUNNING,0
2026-01-02 13:40:00,MAITRI,-24.68,19.1,87.43,320.18,78.97,81.29,77.01,80.22,53.02,1491,RUNNING,0
2026-01-02 13:50:00,BHARATI,-30.39,9.0,70.04,447.57,97.3,82.41,78.53,75.25,63.85,1511,RUNNING,0
2026-01-02 14:00:00,MAITRI,-28.58,2.67,68.32,478.05,80.27,81.46,79.79,75.47,66.21,1510,RUNNING,0
2026-01-02 14:10:00,BHARATI,-21.6,17.04,65.1,375.78,87.15,81.02,77.76,76.84,56.14,1509,RUNNING,0
2026-01-02 14:20:00,MAITRI,-28.65,8.58,46.15,440.38,82.04,83.67,78.99,78.21,58.34,1494,RUNNING,0
2026-01-02 14:30:00,BHARATI,-23.92,15.95,81.27,394.55,69.06,80.43,79.27,74.06,53.65,1511,RUNNING,0
2026-01-02 14:40:00,MAITRI,-24.77,2.15,57.67,407.12,67.69,80.88,77.58,70.18,62.16,1486,RUNNING,0
2026-01-02 14:50:00,BHARATI,-28.26,16.46,71.05,245.85,77.95,80.55,78.52,72.37,34.63,1513,RUNNING,0
2026-01-02 15:00:00,MAITRI,-14.28,5.94,46.24,404.48,89.39,79.96,78.41,77.32,52.95,1497,RUNNING,0
2026-01-02 15:10:00,BHARATI,-21.83,15.65,50.85,487.86,87.52,82.4,77.93,80.1,63.73,1520,RUNNING,0
2026-01-02 15:20:00,MAITRI,-35.13,12.07,82.22,375.8,88.4,83.91,81.35,75.79,53.88,1482,RUNNING,0
2026-01-02 15:30:00,BHARATI,-24.07,7.23,60.83,423.68,75.09,81.88,77.66,74.51,65.09,1521,RUNNING,0
2026-01-02 15:40:00,MAITRI,-28.31,9.96,82.44,367.08,93.31,79.89,79.78,78.15,56.95,1496,RUNNING,0
2026-01-02 15:50:00,BHARATI,-20.74,15.43,64.06,445.23,75.25,83.39,78.09,76.39,64.05,1495,RUNNING,0
2026-01-02 16:00:00,MAITRI,-28.96,12.53,42.9,404.84,83.49,84.65,77.26,73.26,65.87,1502,RUNNING,0
2026-01-02 16:10:00,BHARATI,-25.57,14.92,75.7,354.25,81.93,81.14,78.68,73.13,50.19,1492,RUNNING,0
2026-01-02 16:20:00,MAITRI,-22.48,21.88,57.92,513.28,80.78,81.38,79.33,70.85,72.77,1499,RUNNING,0
2026-01-02 16:30:00,BHARATI,-20.67,4.18,73.38,485.03,91.37,82.86,79.65,76.4,59.02,1491,RUNNING,0
2026-01-02 16:40:00,MAITRI,-31.0,20.09,65.3,377.66,77.06,84.5,80.41,77.2,52.16,1492,RUNNING,0
2026-01-02 16:50:00,BHARATI,-26.67,12.52,46.48,454.85,72.55,81.28,82.06,77.73,68.39,1506,RUNNING,0
2026-01-02 17:00:00,MAITRI,-27.37,7.51,66.97,457.62,82.14,80.05,78.82,82.52,71.63,1489,RUNNING,0
2026-01-02 17:10:00,BHARATI,-28.27,5.35,91.35,464.96,79.2,82.98,77.72,75.57,63.1,1491,RUNNING,0
2026-01-02 17:20:00,MAITRI,-16.17,11.05,70.92,301.4,98.0,83.22,79.06,74.48,44.91,1484,RUNNING,0
2026-01-02 17:30:00,BHARATI,-22.98,16.61,64.31,490.46,86.74,82.02,78.19,80.43,74.25,1494,RUNNING,0
2026-01-02 17:40:00,MAITRI,-31.3,11.36,77.9,380.12,79.13,81.16,79.61,83.87,54.35,1516,RUNNING,0
2026-01-02 17:50:00,BHARATI,-20.41,19.56,67.53,394.95,74.61,83.48,76.94,75.45,47.29,1490,RUNNING,0
2026-01-02 18:00:00,MAITRI,-14.39,4.74,67.51,604.65,68.84,82.77,81.33,75.94,87.37,1491,RUNNING,0
2026-01-02 18:10:00,BHARATI,-19.84,11.94,51.9,441.13,74.82,80.81,79.51,79.42,66.06,1502,RUNNING,0
2026-01-02 18:20:00,MAITRI,-32.6,5.74,67.81,392.96,82.8,82.03,76.46,82.29,52.35,1496,RUNNING,0
2026-01-02 18:30:00,BHARATI,-27.42,13.82,77.43,265.63,91.99,79.91,77.62,70.35,36.93,1527,RUNNING,0
2026-01-02 18:40:00,MAITRI,-18.67,16.43,54.97,517.28,89.85,82.96,79.44,81.3,69.28,1498,RUNNING,0
2026-01-02 18:50:00,BHARATI,-28.54,9.9,82.09,325.84,83.6,81.52,79.87,78.06,36.27,1504,RUNNING,0
2026-01-02 19:00:00,MAITRI,-22.78,0.0,63.9,349.76,79.74,81.25,76.93,77.81,54.07,1511,RUNNING,0
2026-01-02 19:10:00,BHARATI,-21.13,12.99,54.35,396.81,83.88,81.84,79.3,75.42,56.67,1511,RUNNING,0
2026-01-02 19:20:00,MAITRI,-29.63,14.18,76.97,519.15,78.37,81.94,76.1,75.18,80.55,1503,RUNNING,0
2026-01-02 19:30:00,BHARATI,-25.3,14.02,61.56,474.13,94.03,83.21,78.33,76.53,71.16,1498,RUNNING,0
2026-01-02 19:40:00,MAITRI,-41.21,18.18,74.11,408.95,80.68,82.74,79.76,77.06,57.0,1524,RUNNING,0
2026-01-02 19:50:00,BHARATI,-30.12,6.64,61.5,441.58,81.4,81.61,77.76,79.67,62.75,1499,RUNNING,0
2026-01-02 20:00:00,MAITRI,-26.26,15.4,64.28,377.97,66.49,82.98,76.61,75.79,56.26,1495,RUNNING,0
2026-01-02 20:10:00,BHARATI,-31.24,17.96,70.92,429.78,80.63,82.42,78.59,74.22,65.26,1492,RUNNING,0
2026-01-02 20:20:00,MAITRI,-16.84,3.11,68.49,425.13,87.86,81.17,77.68,77.85,62.02,1479,RUNNING,0
2026-01-02 20:30:00,BHARATI,-32.15,13.6,41.05,487.81,74.53,81.61,79.15,80.64,74.11,1510,RUNNING,0
2026-01-02 20:40:00,MAITRI,-27.2,9.48,51.55,487.7,76.74,81.56,77.33,78.71,68.49,1472,RUNNING,0
2026-01-02 20:50:00,BHARATI,-24.35,11.59,76.15,454.58,87.55,82.53,77.46,73.02,60.95,1500,RUNNING,0
2026-01-02 21:00:00,MAITRI,-17.79,13.74,63.41,394.64,71.66,81.21,75.95,74.14,56.12,1498,RUNNING,0
2026-01-02 21:10:00,BHARATI,-32.18,9.56,58.72,471.93,89.4,81.16,78.58,80.59,68.24,1527,RUNNING,0
2026-01-02 21:20:00,MAITRI,-19.18,8.62,48.7,413.56,78.27,84.69,78.17,69.81,54.27,1478,RUNNING,0
2026-01-02 21:30:00,BHARATI,-24.95,12.17,52.04,344.27,79.28,83.13,76.94,65.23,43.83,1489,RUNNING,0
2026-01-02 21:40:00,MAITRI,-29.91,6.56,40.74,391.77,74.13,80.57,78.59,80.83,57.76,1498,RUNNING,0
2026-01-02 21:50:00,BHARATI,-22.69,6.57,63.78,425.92,84.65,82.56,79.58,77.69,59.22,1498,RUNNING,0
2026-01-02 22:00:00,MAITRI,-24.0,15.4,57.82,483.72,98.0,81.87,78.09,79.52,68.44,1493,RUNNING,0
2026-01-02 22:10:00,BHARATI,-28.0,6.26,53.4,407.15,87.47,82.26,78.66,70.87,56.73,1499,RUNNING,0
2026-01-02 22:20:00,MAITRI,-24.65,15.33,64.18,335.36,75.95,81.87,78.66,76.33,53.99,1485,RUNNING,0
2026-01-02 22:30:00,BHARATI,-26.93,14.31,69.37,423.97,89.95,83.44,76.88,76.7,65.61,1504,RUNNING,0
2026-01-02 22:40:00,MAITRI,-24.43,3.37,90.12,427.94,79.78,82.16,80.79,69.36,56.19,1472,RUNNING,0
2026-01-02 22:50:00,BHARATI,-21.69,8.61,46.86,433.01,91.62,81.53,77.75,81.52,59.73,1500,RUNNING,0
2026-01-02 23:00:00,MAITRI,-17.07,17.97,78.91,484.39,87.65,83.18,79.1,77.74,72.6,1493,RUNNING,0
2026-01-02 23:10:00,BHARATI,-31.19,7.09,76.68,491.32,61.4,81.95,79.23,75.7,72.6,1512,RUNNING,0
2026-01-02 23:20:00,MAITRI,-14.33,9.68,55.65,378.41,74.97,81.77,78.13,72.95,53.89,1521,RUNNING,0
2026-01-02 23:30:00,BHARATI,-34.76,14.31,67.44,376.87,88.61,82.05,79.02,66.36,49.29,1496,RUNNING,0
2026-01-02 23:40:00,MAITRI,-25.76,15.92,59.51,347.19,83.06,81.43,78.58,76.05,46.87,1517,RUNNING,0
2026-01-02 23:50:00,BHARATI,-22.06,10.74,67.23,468.92,74.83,81.57,76.58,77.77,64.92,1496,RUNNING,0
2026-01-03 00:00:00,MAITRI,-23.6,9.01,83.11,521.42,77.56,80.66,77.87,77.26,75.6,1488,RUNNING,0
2026-01-03 00:10:00,BHARATI,-28.11,19.11,72.27,397.94,68.66,80.41,77.53,80.06,63.66,1521,RUNNING,0
2026-01-03 00:20:00,MAITRI,-26.04,20.69,71.1,403.1,81.38,80.02,77.71,69.54,54.84,1506,RUNNING,0
2026-01-03 00:30:00,BHARATI,-27.47,16.89,59.84,522.67,97.47,79.42,76.69,75.68,70.56,1500,RUNNING,0
2026-01-03 00:40:00,MAITRI,-27.95,12.43,47.19,455.39,87.63,80.18,79.6,72.98,64.62,1508,RUNNING,0
2026-01-03 00:50:00,BHARATI,-20.75,7.96,62.5,450.54,97.33,81.22,80.16,75.15,68.49,1503,RUNNING,0
2026-01-03 01:00:00,MAITRI,-23.21,7.85,79.48,336.64,88.18,81.63,79.41,73.69,42.3,1499,RUNNING,0
2026-01-03 01:10:00,BHARATI,-28.46,14.61,46.67,467.51,89.19,81.05,79.75,78.41,72.6,1484,RUNNING,0
2026-01-03 01:20:00,MAITRI,-20.5,14.09,52.34,354.96,95.82,77.91,77.81,72.49,50.02,1497,RUNNING,0
2026-01-03 01:30:00,BHARATI,-23.46,19.01,66.52,340.62,84.64,83.8,77.45,70.01,45.72,1507,RUNNING,0
2026-01-03 01:40:00,MAITRI,-20.94,15.25,53.18,395.73,80.69,83.05,77.28,81.64,50.13,1499,RUNNING,0
2026-01-03 01:50:00,BHARATI,-21.85,4.48,55.49,378.99,89.23,82.08,78.98,84.12,56.97,1511,RUNNING,0
2026-01-03 02:00:00,MAITRI,-29.14,17.26,59.92,404.49,92.18,84.26,78.47,75.69,57.1,1505,RUNNING,0
2026-01-03 02:10:00,BHARATI,-27.8,7.01,48.61,319.13,78.64,79.92,78.1,69.95,46.27,1489,RUNNING,0
2026-01-03 02:20:00,MAITRI,-21.26,10.08,53.31,487.12,76.95,84.21,79.74,83.08,65.98,1484,RUNNING,0
2026-01-03 02:30:00,BHARATI,-21.95,13.25,73.44,498.94,82.97,79.92,78.67,71.69,70.0,1498,RUNNING,0
2026-01-03 02:40:00,MAITRI,-25.1,21.98,49.31,283.69,87.82,81.71,77.17,70.75,38.58,1494,RUNNING,0
2026-01-03 02:50:00,BHARATI,-24.41,27.55,45.83,488.49,87.59,79.43,77.35,74.43,69.38,1504,RUNNING,0
2026-01-03 03:00:00,MAITRI,-18.61,15.03,57.44,363.26,72.03,81.35,78.98,69.44,49.22,1491,RUNNING,0
2026-01-03 03:10:00,BHARATI,-27.96,11.08,73.78,479.99,95.38,81.9,79.41,75.88,62.43,1493,RUNNING,0
2026-01-03 03:20:00,MAITRI,-22.26,14.67,62.64,415.21,77.51,81.07,78.81,71.92,70.23,1513,RUNNING,0
2026-01-03 03:30:00,BHARATI,-26.01,16.44,59.43,422.01,80.14,82.36,80.42,75.6,54.83,1502,RUNNING,0
2026-01-03 03:40:00,MAITRI,-26.09,10.4,65.53,407.04,75.68,81.43,80.1,75.28,58.87,1492,RUNNING,0
2026-01-03 03:50:00,BHARATI,-19.51,20.98,44.05,504.85,98.0,80.48,78.66,75.14,65.03,1500,RUNNING,0
2026-01-03 04:00:00,MAITRI,-20.87,13.15,70.94,333.23,83.69,80.41,77.12,71.85,39.62,1517,RUNNING,0
2026-01-03 04:10:00,BHARATI,-20.93,14.49,69.6,462.55,76.04,82.46,76.55,75.64,66.47,1504,RUNNING,0
2026-01-03 04:20:00,MAITRI,-18.47,15.33,60.09,497.09,88.05,80.25,77.65,80.67,71.71,1507,RUNNING,0
2026-01-03 04:30:00,BHARATI,-24.89,14.11,77.07,470.14,87.38,82.59,79.01,76.16,72.21,1491,RUNNING,0
2026-01-03 04:40:00,MAITRI,-21.59,16.19,51.47,582.73,80.69,83.04,80.3,82.87,84.85,1512,RUNNING,0
2026-01-03 04:50:00,BHARATI,-26.55,8.91,78.53,382.97,87.88,78.69,78.6,76.92,54.11,1528,RUNNING,0
2026-01-03 05:00:00,MAITRI,-23.38,9.21,66.85,487.01,76.22,82.88,79.49,79.46,65.77,1491,RUNNING,0
2026-01-03 05:10:00,BHARATI,-25.65,6.5,60.96,412.57,78.55,84.26,77.79,80.87,64.94,1486,RUNNING,0
2026-01-03 05:20:00,MAITRI,-24.52,14.2,64.76,506.34,67.93,81.54,78.83,73.18,76.05,1502,RUNNING,0
2026-01-03 05:30:00,BHARATI,-22.02,15.89,63.71,419.46,72.73,82.05,79.06,73.59,54.94,1511,RUNNING,0
2026-01-03 05:40:00,MAITRI,-29.09,14.29,79.64,392.85,94.65,82.69,75.69,81.87,56.27,1499,RUNNING,0
2026-01-03 05:50:00,BHARATI,-14.54,20.37,52.08,511.43,93.49,80.71,77.57,76.76,73.64,1487,RUNNING,0
2026-01-03 06:00:00,MAITRI,-30.03,11.97,55.85,385.59,82.46,81.39,79.2,63.38,53.7,1499,RUNNING,0
2026-01-03 06:10:00,BHARATI,-31.07,15.34,77.44,321.11,93.64,79.13,78.38,72.22,48.96,1507,RUNNING,0
2026-01-03 06:20:00,MAITRI,-19.21,6.54,57.85,383.82,80.88,81.3,76.61,75.14,58.16,1495,RUNNING,0
2026-01-03 06:30:00,BHARATI,-21.04,10.06,75.81,463.33,80.3,81.82,75.12,66.11,65.43,1507,RUNNING,0
2026-01-03 06:40:00,MAITRI,-21.88,15.48,85.39,517.44,82.4,81.84,77.59,83.27,72.8,1514,RUNNING,0
2026-01-03 06:50:00,BHARATI,-21.86,16.25,60.18,427.78,81.13,82.65,77.94,72.84,67.11,1503,RUNNING,0
2026-01-03 07:00:00,MAITRI,-25.06,10.53,73.18,512.27,80.49,79.88,76.96,79.12,76.91,1500,RUNNING,0
2026-01-03 07:10:00,BHARATI,-29.49,11.64,51.16,324.93,90.0,80.23,78.19,72.22,46.71,1510,RUNNING,0
2026-01-03 07:20:00,MAITRI,-24.62,4.41,74.06,388.97,83.05,83.86,78.62,69.57,49.05,1490,RUNNING,0
2026-01-03 07:30:00,BHARATI,-28.39,10.21,67.39,399.8,86.99,80.78,78.81,70.71,58.49,1489,RUNNING,0
2026-01-03 07:40:00,MAITRI,-20.12,16.45,70.68,411.98,89.22,81.29,75.17,71.56,61.65,1497,RUNNING,0
2026-01-03 07:50:00,BHARATI,-25.74,14.88,57.25,425.89,84.72,80.88,76.41,79.99,49.82,1494,RUNNING,0
2026-01-03 08:00:00,MAITRI,-29.13,14.5,45.07,468.36,75.21,79.74,77.62,76.12,67.92,1490,RUNNING,0
2026-01-03 08:10:00,BHARATI,-26.61,12.25,71.04,388.86,72.53,83.39,78.66,72.63,53.89,1522,RUNNING,0
2026-01-03 08:20:00,MAITRI,-22.94,12.04,40.24,429.73,83.04,80.15,78.56,72.0,60.51,1526,RUNNING,0
2026-01-03 08:30:00,BHARATI,-27.82,8.7,61.19,416.84,80.8,79.24,78.53,80.21,55.92,1496,RUNNING,0
2026-01-03 08:40:00,MAITRI,-29.11,15.49,76.29,355.19,82.61,80.24,77.5,79.74,50.15,1501,RUNNING,0
2026-01-03 08:50:00,BHARATI,-23.78,14.1,67.3,412.04,81.89,77.91,77.56,80.04,64.43,1498,RUNNING,0
2026-01-03 09:00:00,MAITRI,-23.78,14.46,88.38,409.94,98.0,79.92,77.07,77.22,56.78,1513,RUNNING,0
2026-01-03 09:10:00,BHARATI,-27.53,9.37,77.3,408.44,72.69,79.43,78.86,76.37,62.21,1516,RUNNING,0
2026-01-03 09:20:00,MAITRI,-27.36,1.23,57.15,422.22,68.07,81.8,76.83,70.69,57.09,1479,RUNNING,0
2026-01-03 09:30:00,BHARATI,-23.84,17.49,65.33,425.3,84.33,79.85,78.95,74.65,63.79,1506,RUNNING,0
2026-01-03 09:40:00,MAITRI,-32.24,9.61,64.43,389.74,79.37,82.18,78.17,72.01,55.68,1484,RUNNING,0
2026-01-03 09:50:00,BHARATI,-32.04,7.69,46.01,509.09,84.21,82.93,77.86,70.43,74.14,1521,RUNNING,0
2026-01-03 10:00:00,MAITRI,-28.59,15.47,53.72,338.14,86.09,82.0,77.12,77.68,48.33,1505,RUNNING,0
2026-01-03 10:10:00,BHARATI,-26.07,10.04,58.27,369.53,90.99,80.49,76.28,71.45,55.36,1490,RUNNING,0
2026-01-03 10:20:00,MAITRI,-23.45,17.3,40.57,614.6,71.45,81.01,77.12,85.15,77.53,1497,RUNNING,0
2026-01-03 10:30:00,BHARATI,-17.62,15.09,65.57,347.34,78.1,78.5,77.5,77.21,43.94,1497,RUNNING,0
2026-01-03 10:40:00,MAITRI,-20.71,15.42,62.01,325.24,85.0,80.58,75.05,75.36,48.13,1506,RUNNING,0
2026-01-03 10:50:00,BHARATI,-25.8,5.17,44.93,471.41,87.39,79.47,77.65,79.24,59.17,1513,RUNNING,0
2026-01-03 11:00:00,MAITRI,-25.1,18.06,69.85,274.6,97.35,81.79,78.99,69.4,37.11,1486,RUNNING,0
2026-01-03 11:10:00,BHARATI,-30.01,13.31,73.59,403.53,88.69,84.6,78.55,82.52,57.43,1522,RUNNING,0
2026-01-03 11:20:00,MAITRI,-25.09,10.15,67.72,570.21,81.6,81.48,77.27,79.43,78.15,1519,RUNNING,0
2026-01-03 11:30:00,BHARATI,-26.44,12.72,61.11,311.85,75.77,77.73,77.91,74.0,41.78,1489,RUNNING,0
2026-01-03 11:40:00,MAITRI,-23.39,3.12,72.1,281.26,78.05,80.16,77.18,69.44,41.27,1501,RUNNING,0
2026-01-03 11:50:00,BHARATI,-29.14,14.04,73.16,315.06,77.85,80.88,78.02,69.15,49.05,1521,RUNNING,0
2026-01-03 12:00:00,MAITRI,-22.4,6.85,68.69,482.89,86.59,80.81,79.69,78.98,65.15,1515,RUNNING,0
2026-01-03 12:10:00,BHARATI,-17.34,5.24,55.1,498.73,83.8,79.57,79.0,78.34,68.95,1496,RUNNING,0
2026-01-03 12:20:00,MAITRI,-25.54,4.39,68.32,384.12,72.73,81.02,78.45,71.45,51.95,1510,RUNNING,0
2026-01-03 12:30:00,BHARATI,-22.99,17.56,79.35,467.82,78.95,78.78,77.23,70.94,57.15,1536,RUNNING,0
2026-01-03 12:40:00,MAITRI,-21.55,8.85,57.84,517.32,88.14,79.21,78.72,72.85,74.47,1501,RUNNING,0
2026-01-03 12:50:00,BHARATI,-27.01,19.67,90.18,545.11,84.46,81.59,75.79,83.41,81.61,1492,RUNNING,0
2026-01-03 13:00:00,MAITRI,-23.88,9.32,58.69,402.76,85.98,79.08,77.5,72.62,61.6,1502,RUNNING,0
2026-01-03 13:10:00,BHARATI,-24.94,3.46,65.39,258.9,84.68,81.4,78.5,70.12,33.5,1503,RUNNING,0
2026-01-03 13:20:00,MAITRI,-24.51,6.42,56.93,362.54,93.39,78.53,78.68,79.86,46.78,1494,RUNNING,0
2026-01-03 13:30:00,BHARATI,-28.87,18.18,67.68,390.12,83.65,83.22,78.59,70.26,55.82,1505,RUNNING,0
2026-01-03 13:40:00,MAITRI,-24.88,11.22,44.09,401.87,79.3,79.4,78.13,72.14,60.73,1485,RUNNING,0
2026-01-03 13:50:00,BHARATI,-22.51,9.26,58.45,406.85,75.59,80.21,77.54,72.1,58.74,1492,RUNNING,0
2026-01-03 14:00:00,MAITRI,-17.74,12.8,51.89,498.32,83.75,81.03,78.41,83.93,72.35,1509,RUNNING,0
2026-01-03 14:10:00,BHARATI,-20.2,14.51,66.62,509.21,64.92,79.68,76.62,85.7,77.31,1479,RUNNING,0
2026-01-03 14:20:00,MAITRI,-14.23,17.59,76.93,407.98,80.71,80.73,76.74,78.21,55.33,1511,RUNNING,0
2026-01-03 14:30:00,BHARATI,-28.84,19.24,72.75,496.89,80.56,81.36,77.82,80.56,70.1,1476,RUNNING,0
2026-01-03 14:40:00,MAITRI,-20.64,10.2,36.54,445.04,72.45,81.93,77.95,73.8,70.12,1479,RUNNING,0
2026-01-03 14:50:00,BHARATI,-24.08,5.37,89.5,424.52,75.5,81.66,75.55,83.4,59.86,1494,RUNNING,0
2026-01-03 15:00:00,MAITRI,-14.05,9.93,68.54,483.46,87.67,80.21,78.28,78.16,64.0,1503,RUNNING,0
2026-01-03 15:10:00,BHARATI,-29.04,13.3,55.68,425.06,83.61,80.23,78.65,79.04,58.05,1516,RUNNING,0
2026-01-03 15:20:00,MAITRI,-29.2,7.18,66.89,564.05,82.71,83.96,77.63,78.68,76.83,1501,RUNNING,0
2026-01-03 15:30:00,BHARATI,-28.0,7.21,67.11,319.31,84.14,81.85,80.56,71.91,47.04,1497,RUNNING,0
2026-01-03 15:40:00,MAITRI,-35.62,13.72,57.0,383.94,82.65,79.03,76.89,81.25,51.26,1507,RUNNING,0
2026-01-03 15:50:00,BHARATI,-27.63,11.76,67.38,411.14,90.7,80.55,77.27,77.44,59.82,1490,RUNNING,0
2026-01-03 16:00:00,MAITRI,-28.8,12.16,57.71,450.76,82.86,79.89,77.22,82.07,61.45,1502,RUNNING,0
2026-01-03 16:10:00,BHARATI,-24.25,8.21,60.15,508.76,71.79,80.18,77.6,78.74,64.19,1486,RUNNING,0
2026-01-03 16:20:00,MAITRI,-23.29,10.85,56.76,418.29,93.41,78.52,77.29,72.06,60.98,1501,RUNNING,0
2026-01-03 16:30:00,BHARATI,-15.62,7.38,47.81,320.44,84.59,79.74,75.99,70.68,46.37,1498,RUNNING,0
2026-01-03 16:40:00,MAITRI,-20.25,16.45,66.75,478.98,77.88,83.06,77.02,77.39,70.5,1490,RUNNING,0
2026-01-03 16:50:00,BHARATI,-27.88,17.18,72.02,472.85,73.23,81.2,77.55,74.32,64.86,1502,RUNNING,0
2026-01-03 17:00:00,MAITRI,-29.49,2.77,71.18,284.07,84.77,76.58,79.13,67.67,37.46,1502,RUNNING,0
2026-01-03 17:10:00,BHARATI,-22.54,7.35,74.84,419.73,81.18,82.13,80.3,80.3,61.57,1514,RUNNING,0
2026-01-03 17:20:00,MAITRI,-31.6,4.52,68.89,308.69,93.02,81.93,79.25,70.54,50.17,1481,RUNNING,0
2026-01-03 17:30:00,BHARATI,-15.84,8.75,58.61,373.47,79.58,79.75,76.71,74.89,53.4,1499,RUNNING,0
2026-01-03 17:40:00,MAITRI,-19.1,11.58,75.08,356.8,76.14,81.35,76.8,75.1,52.67,1491,RUNNING,0
2026-01-03 17:50:00,BHARATI,-27.35,4.75,48.71,476.65,88.27,78.97,77.44,74.56,66.81,1510,RUNNING,0
2026-01-03 18:00:00,MAITRI,-33.57,7.39,54.19,428.18,88.48,79.54,79.77,81.51,54.99,1509,RUNNING,0
2026-01-03 18:10:00,BHARATI,-18.23,6.98,53.43,330.01,83.18,82.48,77.42,68.78,51.01,1506,RUNNING,0
2026-01-03 18:20:00,MAITRI,-25.57,13.04,77.96,481.6,86.73,79.82,76.02,78.09,72.43,1492,RUNNING,0
2026-01-03 18:30:00,BHARATI,-18.81,12.35,76.31,319.63,81.74,77.41,77.0,73.98,48.51,1511,RUNNING,0
2026-01-03 18:40:00,MAITRI,-32.97,8.39,70.85,443.11,83.64,80.11,78.51,75.86,62.57,1482,RUNNING,0
2026-01-03 18:50:00,BHARATI,-28.0,12.88,77.86,363.02,90.15,80.07,78.42,68.89,54.25,1479,RUNNING,0
2026-01-03 19:00:00,MAITRI,-24.97,9.27,54.45,394.4,86.38,81.97,77.35,78.34,59.92,1485,RUNNING,0
2026-01-03 19:10:00,BHARATI,-24.77,10.64,69.18,455.3,80.82,80.19,78.4,79.36,71.52,1500,RUNNING,0
2026-01-03 19:20:00,MAITRI,-27.25,20.37,63.5,456.5,91.47,79.52,74.85,73.71,69.17,1508,RUNNING,0
2026-01-03 19:30:00,BHARATI,-21.89,18.7,75.16,513.59,65.45,81.71,77.69,80.67,73.62,1464,RUNNING,0
2026-01-03 19:40:00,MAITRI,-30.34,5.5,63.62,414.24,96.36,80.31,78.6,76.86,53.94,1516,RUNNING,0
2026-01-03 19:50:00,BHARATI,-25.71,16.15,60.38,441.45,70.06,78.99,76.56,70.91,63.69,1502,RUNNING,0
2026-01-03 20:00:00,MAITRI,-24.4,16.06,71.49,389.36,77.61,81.84,76.55,71.32,56.65,1481,RUNNING,0
2026-01-03 20:10:00,BHARATI,-22.43,6.26,75.51,432.74,81.71,80.38,75.31,80.37,64.66,1501,RUNNING,0
2026-01-03 20:20:00,MAITRI,-21.44,16.09,56.98,450.76,80.97,80.08,79.45,77.51,69.81,1513,RUNNING,0
2026-01-03 20:30:00,BHARATI,-30.62,19.69,64.27,413.12,89.04,80.33,76.67,73.07,58.64,1507,RUNNING,0
2026-01-03 20:40:00,MAITRI,-32.67,6.39,52.3,293.74,74.6,78.45,77.82,68.91,50.37,1513,RUNNING,0
2026-01-03 20:50:00,BHARATI,-18.61,7.41,35.02,443.2,83.83,79.25,78.25,74.02,56.28,1484,RUNNING,0
2026-01-03 21:00:00,MAITRI,-23.34,17.09,67.41,445.52,77.95,80.04,79.33,74.36,65.32,1495,RUNNING,0
2026-01-03 21:10:00,BHARATI,-28.74,13.36,72.31,372.39,84.07,79.73,77.33,70.93,50.0,1489,RUNNING,0
2026-01-03 21:20:00,MAITRI,-17.24,14.76,68.14,330.09,81.55,81.92,76.86,66.29,39.53,1521,RUNNING,0
2026-01-03 21:30:00,BHARATI,-24.42,13.7,41.61,523.31,82.65,80.32,77.71,82.64,73.95,1508,RUNNING,0
2026-01-03 21:40:00,MAITRI,-19.1,13.95,60.79,454.4,78.15,81.27,79.03,80.24,59.09,1534,RUNNING,0
2026-01-03 21:50:00,BHARATI,-24.66,5.37,38.38,403.96,78.43,79.99,77.28,70.01,57.06,1494,RUNNING,0
2026-01-03 22:00:00,MAITRI,-14.7,17.24,81.44,340.41,84.01,81.54,76.33,74.06,48.77,1491,RUNNING,0
2026-01-03 22:10:00,BHARATI,-16.22,17.85,51.97,362.47,88.61,80.54,75.63,70.45,56.26,1498,RUNNING,0
2026-01-03 22:20:00,MAITRI,-26.24,10.85,80.06,511.18,77.81,79.96,76.0,76.73,67.0,1517,RUNNING,0
2026-01-03 22:30:00,BHARATI,-20.14,11.78,76.35,429.64,75.92,79.9,78.5,74.36,65.01,1496,RUNNING,0
2026-01-03 22:40:00,MAITRI,-21.77,4.34,54.19,381.46,86.29,78.48,77.07,72.83,54.89,1501,RUNNING,0
2026-01-03 22:50:00,BHARATI,-18.16,14.57,51.41,455.68,81.77,80.66,76.72,84.4,69.21,1501,RUNNING,0
2026-01-03 23:00:00,MAITRI,-29.82,14.86,69.2,362.99,87.81,79.83,76.58,72.31,50.13,1500,RUNNING,0
2026-01-03 23:10:00,BHARATI,-21.57,11.69,54.87,525.06,75.66,79.12,77.54,74.89,69.68,1492,RUNNING,0
2026-01-03 23:20:00,MAITRI,-19.71,17.62,66.23,514.7,69.54,81.52,77.14,74.82,68.66,1498,RUNNING,0
2026-01-03 23:30:00,BHARATI,-33.79,10.33,59.21,387.34,78.27,77.98,77.1,78.86,50.17,1498,RUNNING,0
2026-01-03 23:40:00,MAITRI,-30.92,14.82,43.63,375.99,76.64,79.21,79.04,67.79,55.62,1500,RUNNING,0
2026-01-03 23:50:00,BHARATI,-35.2,6.9,38.23,236.73,81.45,81.37,79.26,67.87,39.73,1511,RUNNING,0
2026-01-04 00:00:00,MAITRI,-26.35,11.88,67.72,316.29,77.54,80.29,75.48,78.69,42.92,1521,RUNNING,0
2026-01-04 00:10:00,BHARATI,-21.41,11.13,58.26,326.24,87.19,79.73,77.8,74.13,49.12,1490,RUNNING,0
2026-01-04 00:20:00,MAITRI,-17.49,13.13,58.36,429.46,79.98,80.17,76.46,76.5,55.26,1495,RUNNING,0
2026-01-04 00:30:00,BHARATI,-24.63,10.15,73.35,397.16,83.05,80.05,77.09,83.46,57.46,1490,RUNNING,0
2026-01-04 00:40:00,MAITRI,-16.86,11.34,79.08,325.83,83.1,77.49,77.76,74.13,49.22,1502,RUNNING,0
2026-01-04 00:50:00,BHARATI,-31.9,16.13,61.73,400.32,83.36,79.23,77.12,72.18,51.4,1494,RUNNING,0
2026-01-04 01:00:00,MAITRI,-33.52,9.82,60.91,455.37,81.83,82.17,77.65,75.26,64.24,1503,RUNNING,0
2026-01-04 01:10:00,BHARATI,-25.28,3.97,71.0,456.95,85.57,78.74,78.17,71.88,68.14,1513,RUNNING,0
2026-01-04 01:20:00,MAITRI,-23.08,20.75,48.72,287.02,76.43,79.24,77.71,77.2,29.27,1470,STANDBY,0
2026-01-04 01:30:00,BHARATI,-25.16,18.91,67.68,411.02,91.8,78.9,76.58,77.57,64.06,1506,RUNNING,0
2026-01-04 01:40:00,MAITRI,-35.34,5.54,71.62,323.17,80.34,79.57,76.59,77.58,47.58,1494,RUNNING,0
2026-01-04 01:50:00,BHARATI,-25.45,15.45,73.16,483.12,72.82,78.81,75.61,81.93,71.88,1506,RUNNING,0
2026-01-04 02:00:00,MAITRI,-31.52,9.49,41.76,474.89,83.32,80.4,76.31,75.22,66.19,1489,RUNNING,0
2026-01-04 02:10:00,BHARATI,-21.65,13.32,55.86,357.14,76.04,79.96,79.68,70.15,44.13,1514,RUNNING,0
2026-01-04 02:20:00,MAITRI,-23.17,13.47,54.46,366.38,86.66,80.81,76.37,73.95,54.48,1511,RUNNING,0
2026-01-04 02:30:00,BHARATI,-29.7,10.83,66.2,387.71,97.47,78.06,75.89,71.2,55.06,1507,RUNNING,0
2026-01-04 02:40:00,MAITRI,-27.57,8.08,70.77,262.3,76.49,79.11,77.7,72.22,37.6,1510,RUNNING,0
2026-01-04 02:50:00,BHARATI,-30.3,8.55,82.96,443.52,84.33,79.27,77.17,80.62,67.71,1491,RUNNING,0
2026-01-04 03:00:00,MAITRI,-25.31,7.42,59.06,400.9,69.71,80.28,77.07,91.0,60.32,1493,RUNNING,1
2026-01-04 03:10:00,BHARATI,-20.22,7.84,59.03,487.91,85.18,78.4,78.98,94.0,77.39,1509,RUNNING,1
2026-01-04 03:20:00,MAITRI,-29.93,11.66,78.8,343.11,75.8,80.95,77.95,97.0,49.63,1491,RUNNING,1
2026-01-04 03:30:00,BHARATI,-22.48,8.42,68.56,376.66,77.63,81.34,76.65,101.0,51.04,1517,RUNNING,1
2026-01-04 03:40:00,MAITRI,-27.65,15.41,80.21,314.54,74.29,78.07,76.77,104.0,44.18,1496,RUNNING,1
2026-01-04 03:50:00,BHARATI,-28.96,19.44,68.46,349.7,87.13,78.8,76.67,64.96,51.62,1506,RUNNING,0
2026-01-04 04:00:00,MAITRI,-25.54,9.1,51.11,337.26,89.05,78.73,78.31,75.32,52.24,1525,RUNNING,0
2026-01-04 04:10:00,BHARATI,-30.18,13.2,49.0,489.72,82.16,83.46,76.89,81.19,64.09,1492,RUNNING,0
2026-01-04 04:20:00,MAITRI,-27.77,14.5,46.38,371.12,75.95,78.86,75.1,76.06,53.05,1501,RUNNING,0
2026-01-04 04:30:00,BHARATI,-30.99,14.36,72.94,428.69,93.13,82.01,77.19,73.16,67.68,1513,RUNNING,0
2026-01-04 04:40:00,MAITRI,-15.18,12.38,79.26,393.35,76.75,77.58,75.4,70.29,55.23,1511,RUNNING,0
2026-01-04 04:50:00,BHARATI,-24.82,15.71,87.19,331.14,66.87,77.98,79.86,75.26,51.03,1496,RUNNING,0
2026-01-04 05:00:00,MAITRI,-28.5,14.41,75.12,408.22,85.21,78.43,76.07,75.77,60.29,1494,RUNNING,0
2026-01-04 05:10:00,BHARATI,-23.93,5.81,78.95,461.94,74.27,78.18,77.03,76.05,69.81,1497,RUNNING,0
2026-01-04 05:20:00,MAITRI,-25.56,16.35,58.04,335.46,88.92,79.03,77.53,80.68,44.68,1517,RUNNING,0
2026-01-04 05:30:00,BHARATI,-26.1,16.44,51.12,476.64,79.33,78.36,76.86,73.13,64.87,1497,RUNNING,0
2026-01-04 05:40:00,MAITRI,-21.93,8.18,75.2,360.52,86.23,78.18,76.86,81.11,51.58,1501,RUNNING,0
2026-01-04 05:50:00,BHARATI,-21.21,12.19,70.01,386.19,91.81,81.13,77.7,74.78,49.04,1495,RUNNING,0
2026-01-04 06:00:00,MAITRI,-27.65,15.42,66.29,457.15,73.54,81.22,79.02,69.09,64.23,1508,RUNNING,0
2026-01-04 06:10:00,BHARATI,-27.88,10.95,69.65,373.56,78.04,80.8,78.11,73.62,54.38,1502,RUNNING,0
2026-01-04 06:20:00,MAITRI,-26.38,17.36,68.88,422.63,81.47,80.15,78.95,79.4,67.51,1488,RUNNING,0
2026-01-04 06:30:00,BHARATI,-36.51,23.82,80.41,397.97,92.76,79.49,75.92,73.49,58.46,1488,RUNNING,0
2026-01-04 06:40:00,MAITRI,-32.58,8.07,80.54,429.06,77.39,78.59,77.55,69.83,63.79,1476,RUNNING,0
2026-01-04 06:50:00,BHARATI,-18.17,5.09,71.53,253.35,77.84,77.89,77.35,70.68,40.85,1490,RUNNING,0
2026-01-04 07:00:00,MAITRI,-16.78,13.52,75.15,291.92,85.35,79.86,77.58,68.87,37.84,1510,RUNNING,0
2026-01-04 07:10:00,BHARATI,-26.25,15.61,71.17,463.12,77.96,77.54,78.8,78.55,65.5,1516,RUNNING,0
2026-01-04 07:20:00,MAITRI,-22.12,10.85,59.47,492.6,83.07,77.8,76.88,80.41,80.07,1508,RUNNING,0
2026-01-04 07:30:00,BHARATI,-23.44,19.27,74.08,356.27,71.14,81.01,76.65,69.68,50.58,1507,RUNNING,0
2026-01-04 07:40:00,MAITRI,-9.61,5.31,48.27,402.92,97.5,82.11,77.77,72.25,62.03,1498,RUNNING,0
2026-01-04 07:50:00,BHARATI,-19.4,15.46,77.65,440.63,72.57,79.84,74.99,79.04,66.8,1509,RUNNING,0
2026-01-04 08:00:00,MAITRI,-25.64,8.97,50.67,468.53,79.75,80.9,76.84,73.28,61.02,1503,RUNNING,0
2026-01-04 08:10:00,BHARATI,-29.78,20.6,68.43,278.06,81.77,78.86,76.95,67.62,40.97,1522,RUNNING,0
2026-01-04 08:20:00,MAITRI,-33.03,21.96,54.86,357.98,95.39,77.21,76.0,69.23,51.73,1499,RUNNING,0
2026-01-04 08:30:00,BHARATI,-23.98,8.17,71.64,396.72,72.73,80.12,78.37,76.33,57.99,1516,RUNNING,0
2026-01-04 08:40:00,MAITRI,-28.78,9.25,64.59,469.22,95.89,80.05,75.82,77.97,64.01,1510,RUNNING,0
2026-01-04 08:50:00,BHARATI,-32.11,16.3,45.86,594.89,87.3,79.29,76.93,77.14,80.52,1509,RUNNING,0
2026-01-04 09:00:00,MAITRI,-28.23,10.06,70.05,404.04,84.92,78.8,77.44,75.12,55.82,1476,RUNNING,0
2026-01-04 09:10:00,BHARATI,-30.41,11.77,58.06,321.51,75.11,80.6,78.7,79.15,45.54,1511,RUNNING,0
2026-01-04 09:20:00,MAITRI,-16.56,12.13,75.57,448.16,86.0,77.67,77.06,72.31,68.76,1498,RUNNING,0
2026-01-04 09:30:00,BHARATI,-20.59,2.4,65.02,512.47,76.94,77.97,78.19,70.0,80.48,1495,RUNNING,0
2026-01-04 09:40:00,MAITRI,-25.04,11.93,69.75,427.56,90.87,77.61,77.9,77.51,66.67,1482,RUNNING,0
2026-01-04 09:50:00,BHARATI,-17.6,8.55,53.51,356.53,75.2,79.24,77.2,73.47,54.37,1500,RUNNING,0
2026-01-04 10:00:00,MAITRI,-24.61,9.53,57.93,487.06,81.21,77.46,75.74,74.34,65.56,1500,RUNNING,0
2026-01-04 10:10:00,BHARATI,-29.31,19.22,59.5,466.45,78.11,78.06,75.32,79.27,65.0,1484,RUNNING,0
2026-01-04 10:20:00,MAITRI,-17.38,5.72,75.28,348.17,75.09,78.01,77.16,77.06,50.58,1482,RUNNING,0
2026-01-04 10:30:00,BHARATI,-22.31,16.07,85.13,446.7,87.19,78.67,76.38,67.33,61.28,1506,RUNNING,0
2026-01-04 10:40:00,MAITRI,-30.19,10.61,55.34,489.81,85.75,76.82,78.13,74.63,72.28,1510,RUNNING,0
2026-01-04 10:50:00,BHARATI,-25.95,10.6,77.92,502.73,90.46,79.17,77.91,86.84,74.7,1502,RUNNING,0
2026-01-04 11:00:00,MAITRI,-29.38,15.95,38.96,415.35,69.54,80.89,76.79,77.72,61.48,1514,RUNNING,0
2026-01-04 11:10:00,BHARATI,-31.91,13.7,50.67,394.93,89.45,79.22,75.62,77.58,60.52,1499,RUNNING,0
2026-01-04 11:20:00,MAITRI,-20.37,14.85,53.49,505.91,98.0,81.31,77.61,82.34,68.65,1499,RUNNING,0
2026-01-04 11:30:00,BHARATI,-15.45,16.84,48.77,335.29,78.84,80.99,75.77,73.45,51.63,1489,RUNNING,0
2026-01-04 11:40:00,MAITRI,-31.99,10.34,46.0,450.7,95.27,80.14,76.08,79.45,61.6,1481,RUNNING,0
2026-01-04 11:50:00,BHARATI,-22.19,8.94,69.96,324.1,80.16,79.08,75.81,75.97,42.54,1522,RUNNING,0
2026-01-04 12:00:00,MAITRI,-28.25,6.57,62.43,494.58,72.39,78.99,76.81,79.52,72.78,1514,RUNNING,0
2026-01-04 12:10:00,BHARATI,-27.44,7.87,69.55,401.94,79.86,80.09,78.37,73.76,62.28,1483,RUNNING,0
2026-01-04 12:20:00,MAITRI,-27.96,26.75,73.29,508.8,89.34,78.34,76.96,78.41,74.64,1502,RUNNING,0
2026-01-04 12:30:00,BHARATI,-29.32,18.22,68.19,454.4,76.13,76.09,76.43,74.01,65.0,1499,RUNNING,0
2026-01-04 12:40:00,MAITRI,-24.76,5.24,72.89,334.37,77.8,79.64,75.12,73.41,49.01,1497,RUNNING,0
2026-01-04 12:50:00,BHARATI,-29.15,5.39,64.17,519.72,86.15,77.2,77.61,73.32,74.79,1495,RUNNING,0
2026-01-04 13:00:00,MAITRI,-23.65,14.41,50.76,528.59,82.02,77.44,76.0,75.05,71.01,1505,RUNNING,0
2026-01-04 13:10:00,BHARATI,-25.25,14.74,77.69,481.76,86.09,78.87,77.08,75.91,63.85,1510,RUNNING,0
2026-01-04 13:20:00,MAITRI,-26.19,14.74,57.93,366.69,83.66,78.71,76.5,70.39,52.07,1505,RUNNING,0
2026-01-04 13:30:00,BHARATI,-29.54,10.73,53.77,398.58,85.36,76.73,77.93,72.94,57.26,1499,RUNNING,0
2026-01-04 13:40:00,MAITRI,-27.88,11.37,62.86,430.18,78.97,79.08,76.73,75.1,61.5,1498,RUNNING,0
2026-01-04 13:50:00,BHARATI,-21.22,13.64,54.05,370.74,83.62,80.27,76.84,75.88,55.67,1511,RUNNING,0
2026-01-04 14:00:00,MAITRI,-22.5,12.43,59.99,538.46,75.51,77.12,77.49,82.26,76.06,1506,RUNNING,0
2026-01-04 14:10:00,BHARATI,-29.89,0.9,69.13,430.1,91.02,80.7,79.43,73.9,63.7,1501,RUNNING,0
2026-01-04 14:20:00,MAITRI,-24.5,10.85,69.18,230.77,77.56,76.44,77.96,76.11,32.39,1500,RUNNING,0
2026-01-04 14:30:00,BHARATI,-21.24,7.74,54.23,443.75,89.9,81.95,76.78,79.85,70.69,1504,RUNNING,0
2026-01-04 14:40:00,MAITRI,-33.35,12.88,59.15,395.63,80.36,78.14,76.88,76.91,56.84,1494,RUNNING,0
2026-01-04 14:50:00,BHARATI,-22.28,26.93,77.89,414.76,83.41,78.97,76.24,75.98,68.61,1510,RUNNING,0
2026-01-04 15:00:00,MAITRI,-28.31,13.84,70.96,394.2,78.54,75.9,75.73,76.13,57.72,1487,RUNNING,0
2026-01-04 15:10:00,BHARATI,-22.15,10.43,89.9,476.49,74.89,78.63,76.2,81.66,67.22,1495,RUNNING,0
2026-01-04 15:20:00,MAITRI,-28.82,16.61,79.16,498.38,69.79,79.05,75.93,82.35,67.6,1507,RUNNING,0
2026-01-04 15:30:00,BHARATI,-34.02,14.41,78.73,439.81,74.61,78.57,77.63,81.34,57.06,1486,RUNNING,0
2026-01-04 15:40:00,MAITRI,-33.14,14.1,48.35,396.25,79.73,77.84,75.56,75.07,52.64,1481,RUNNING,0
2026-01-04 15:50:00,BHARATI,-24.76,15.03,74.17,417.11,83.48,77.26,78.44,77.65,56.07,1501,RUNNING,0
2026-01-04 16:00:00,MAITRI,-23.7,22.28,64.36,421.37,89.07,80.36,77.73,80.91,61.78,1480,RUNNING,0
2026-01-04 16:10:00,BHARATI,-29.52,6.35,58.39,363.83,78.88,78.7,76.85,71.6,49.87,1484,RUNNING,0
2026-01-04 16:20:00,MAITRI,-21.81,14.37,67.02,460.53,75.83,80.95,76.82,75.24,66.54,1509,RUNNING,0
2026-01-04 16:30:00,BHARATI,-33.31,7.37,76.34,452.2,71.9,77.84,76.15,76.37,69.73,1498,RUNNING,0
2026-01-04 16:40:00,MAITRI,-25.33,14.78,71.01,527.83,85.36,77.96,77.13,81.79,75.05,1515,RUNNING,0
2026-01-04 16:50:00,BHARATI,-31.06,7.41,54.46,507.87,91.68,79.83,78.11,81.36,80.87,1486,RUNNING,0
2026-01-04 17:00:00,MAITRI,-28.26,9.91,73.91,372.0,90.86,76.16,75.95,73.38,48.44,1499,RUNNING,0
2026-01-04 17:10:00,BHARATI,-24.76,10.52,57.35,477.42,86.97,76.76,74.95,70.9,67.6,1505,RUNNING,0
2026-01-04 17:20:00,MAITRI,-29.3,16.88,67.6,353.43,86.47,80.21,77.63,74.82,48.33,1486,RUNNING,0
2026-01-04 17:30:00,BHARATI,-26.92,16.59,61.36,468.72,93.88,76.8,77.17,73.04,70.71,1512,RUNNING,0
2026-01-04 17:40:00,MAITRI,-19.97,5.77,62.37,383.84,84.32,75.82,75.43,68.64,45.87,1506,RUNNING,0
2026-01-04 17:50:00,BHARATI,-27.88,12.27,74.19,348.37,86.52,81.33,75.89,68.65,44.0,1481,RUNNING,0
2026-01-04 18:00:00,MAITRI,-20.82,8.45,52.52,439.6,79.75,76.43,75.73,77.3,62.37,1500,RUNNING,0
2026-01-04 18:10:00,BHARATI,-30.65,5.71,88.34,232.78,72.47,78.78,75.88,76.26,39.46,1505,RUNNING,0
2026-01-04 18:20:00,MAITRI,-22.35,10.91,43.15,297.43,77.21,78.6,76.36,72.59,43.39,1493,RUNNING,0
2026-01-04 18:30:00,BHARATI,-17.79,10.46,57.83,407.58,81.94,74.27,76.42,76.03,52.82,1482,RUNNING,0
2026-01-04 18:40:00,MAITRI,-37.36,24.13,69.44,425.77,82.43,78.07,75.96,80.38,56.04,1503,RUNNING,0
2026-01-04 18:50:00,BHARATI,-28.98,14.16,72.01,394.15,95.48,79.13,75.82,68.68,63.0,1527,RUNNING,0
2026-01-04 19:00:00,MAITRI,-22.11,5.11,63.79,309.44,82.57,78.98,76.45,74.82,41.72,1495,RUNNING,0
2026-01-04 19:10:00,BHARATI,-26.02,9.18,64.31,362.75,90.25,79.79,76.92,74.02,48.05,1519,RUNNING,0
2026-01-04 19:20:00,MAITRI,-23.14,17.11,69.93,447.38,78.95,77.84,76.33,78.45,69.82,1491,RUNNING,0
2026-01-04 19:30:00,BHARATI,-28.02,22.44,62.23,460.72,79.82,79.48,78.1,74.58,69.86,1503,RUNNING,0
2026-01-04 19:40:00,MAITRI,-24.57,4.07,81.72,418.86,72.7,77.37,77.31,72.2,64.93,1509,RUNNING,0
2026-01-04 19:50:00,BHARATI,-25.78,2.6,75.07,500.98,76.8,76.27,74.78,78.09,67.77,1500,RUNNING,0
2026-01-04 20:00:00,MAITRI,-19.16,21.35,75.47,447.82,85.69,76.43,77.32,82.79,57.87,1496,RUNNING,0
2026-01-04 20:10:00,BHARATI,-23.73,13.95,53.41,367.68,82.05,76.17,77.41,77.64,53.06,1509,RUNNING,0
2026-01-04 20:20:00,MAITRI,-23.31,7.66,64.05,400.36,88.6,79.87,76.15,72.98,58.54,1523,RUNNING,0
2026-01-04 20:30:00,BHARATI,-27.06,14.67,61.39,321.8,83.27,76.07,74.88,67.68,47.43,1504,RUNNING,0
2026-01-04 20:40:00,MAITRI,-27.44,0.0,52.93,412.43,79.53,78.74,76.67,68.58,64.83,1494,RUNNING,0
2026-01-04 20:50:00,BHARATI,-27.16,12.02,69.32,497.85,97.04,77.92,76.65,82.71,64.19,1498,RUNNING,0
2026-01-04 21:00:00,MAITRI,-23.03,13.64,58.55,467.97,81.34,78.15,75.31,72.88,70.29,1530,RUNNING,0
2026-01-04 21:10:00,BHARATI,-27.1,16.62,72.86,518.14,90.14,80.34,74.9,76.65,69.63,1502,RUNNING,0
2026-01-04 21:20:00,MAITRI,-23.55,6.93,52.16,398.8,79.19,77.62,76.53,80.25,60.39,1493,RUNNING,0
2026-01-04 21:30:00,BHARATI,-14.62,12.43,85.63,514.23,86.97,79.19,76.35,71.4,71.56,1486,RUNNING,0
2026-01-04 21:40:00,MAITRI,-20.64,7.37,54.24,406.47,88.5,78.31,76.13,81.13,54.81,1478,RUNNING,0
2026-01-04 21:50:00,BHARATI,-26.63,13.28,67.63,523.01,83.46,78.02,76.52,77.06,72.28,1504,RUNNING,0
2026-01-04 22:00:00,MAITRI,-18.99,7.52,74.5,418.47,65.52,81.68,75.29,70.87,54.0,1508,RUNNING,0
2026-01-04 22:10:00,BHARATI,-27.04,9.96,58.15,469.51,82.13,76.06,76.09,75.75,67.23,1495,RUNNING,0
2026-01-04 22:20:00,MAITRI,-35.19,7.02,75.23,523.26,90.61,80.14,77.24,75.19,71.66,1500,RUNNING,0
2026-01-04 22:30:00,BHARATI,-30.04,15.26,50.25,406.46,85.69,79.18,76.18,76.92,61.21,1486,RUNNING,0
2026-01-04 22:40:00,MAITRI,-34.35,16.29,82.43,435.29,85.12,77.46,74.59,73.29,64.74,1502,RUNNING,0
2026-01-04 22:50:00,BHARATI,-26.76,10.83,65.17,510.22,69.94,80.62,76.02,70.11,79.64,1506,RUNNING,0
2026-01-04 23:00:00,MAITRI,-24.91,12.19,57.84,410.69,76.96,75.39,75.3,74.38,60.14,1494,RUNNING,0
2026-01-04 23:10:00,BHARATI,-16.62,4.76,61.41,327.54,84.88,77.37,76.89,67.76,48.87,1520,RUNNING,0
2026-01-04 23:20:00,MAITRI,-23.37,10.5,74.71,570.01,84.87,76.32,76.95,80.07,87.03,1490,RUNNING,0
2026-01-04 23:30:00,BHARATI,-26.1,11.75,57.99,387.12,90.5,78.74,74.57,69.93,52.79,1503,RUNNING,0
2026-01-04 23:40:00,MAITRI,-20.85,25.1,56.01,431.11,80.99,76.44,77.47,73.83,55.63,1510,RUNNING,0
2026-01-04 23:50:00,BHARATI,-36.06,6.44,62.34,500.92,84.84,78.75,75.22,78.25,72.36,1499,RUNNING,0
2026-01-05 00:00:00,MAITRI,-23.82,19.32,50.88,377.41,82.11,77.81,78.42,73.59,48.22,1498,RUNNING,0
2026-01-05 00:10:00,BHARATI,-21.15,16.98,86.85,349.45,75.09,77.36,76.48,74.74,59.74,1483,RUNNING,0
2026-01-05 00:20:00,MAITRI,-32.39,13.4,58.2,437.76,66.21,78.65,75.04,78.67,68.36,1516,RUNNING,0
2026-01-05 00:30:00,BHARATI,-19.28,20.79,74.98,294.48,85.02,77.65,75.16,67.73,50.73,1498,RUNNING,0
2026-01-05 00:40:00,MAITRI,-23.31,13.86,67.51,399.85,83.22,76.41,76.94,74.74,57.37,1506,RUNNING,0
2026-01-05 00:50:00,BHARATI,-27.08,13.95,53.19,437.15,77.67,82.23,76.04,62.61,64.65,1508,RUNNING,0
2026-01-05 01:00:00,MAITRI,-21.84,11.73,64.93,401.1,70.67,77.29,76.39,76.02,55.46,1492,RUNNING,0
2026-01-05 01:10:00,BHARATI,-13.65,18.12,74.41,311.96,86.41,74.68,78.44,71.6,48.1,1498,RUNNING,0
2026-01-05 01:20:00,MAITRI,-24.09,17.48,62.74,531.59,80.14,76.73,75.66,74.36,71.08,1516,RUNNING,0
2026-01-05 01:30:00,BHARATI,-23.76,8.87,79.32,427.25,85.9,76.08,76.56,76.94,50.86,1487,RUNNING,0
2026-01-05 01:40:00,MAITRI,-27.3,5.4,77.26,520.18,95.05,79.21,78.19,82.7,71.15,1526,RUNNING,0
2026-01-05 01:50:00,BHARATI,-29.25,10.99,76.03,401.8,67.01,78.44,76.8,73.14,51.58,1491,RUNNING,0
2026-01-05 02:00:00,MAITRI,-20.85,8.0,59.48,358.4,77.1,78.54,74.54,70.18,57.11,1486,RUNNING,0
2026-01-05 02:10:00,BHARATI,-29.28,11.68,52.04,438.84,80.53,77.38,77.07,76.63,69.95,1502,RUNNING,0
2026-01-05 02:20:00,MAITRI,-24.64,18.19,57.64,404.89,92.18,77.5,75.06,69.78,52.23,1527,RUNNING,0
2026-01-05 02:30:00,BHARATI,-27.39,9.71,67.35,337.56,70.55,77.35,78.14,70.8,53.39,1477,RUNNING,0
2026-01-05 02:40:00,MAITRI,-22.61,11.79,71.55,522.88,95.55,77.77,75.46,82.96,78.5,1498,RUNNING,0
2026-01-05 02:50:00,BHARATI,-23.33,12.29,38.94,376.44,82.95,79.14,80.01,74.66,47.5,1506,RUNNING,0
2026-01-05 03:00:00,MAITRI,-19.81,16.24,64.9,291.18,81.33,78.38,78.2,64.76,40.04,1500,RUNNING,0
2026-01-05 03:10:00,BHARATI,-27.55,0.77,66.9,512.97,80.61,78.61,75.47,70.64,70.96,1505,RUNNING,0
2026-01-05 03:20:00,MAITRI,-26.35,8.97,61.67,384.7,78.95,78.6,76.45,75.27,57.95,1491,RUNNING,0
2026-01-05 03:30:00,BHARATI,-29.89,13.06,80.5,377.45,89.34,79.16,77.32,77.89,49.01,1493,RUNNING,0
2026-01-05 03:40:00,MAITRI,-27.22,18.0,70.06,296.42,74.52,78.26,77.35,65.94,41.95,1498,RUNNING,0
2026-01-05 03:50:00,BHARATI,-23.11,9.54,80.72,541.87,84.42,78.35,76.94,80.35,74.67,1486,RUNNING,0
2026-01-05 04:00:00,MAITRI,-21.22,2.62,62.41,329.74,79.31,79.58,77.9,78.56,49.0,1499,RUNNING,0
2026-01-05 04:10:00,BHARATI,-29.61,15.1,76.25,424.09,76.67,76.79,76.25,83.15,59.72,1495,RUNNING,0
2026-01-05 04:20:00,MAITRI,-20.65,8.82,84.62,483.88,98.0,76.49,75.95,78.42,66.99,1494,RUNNING,0
2026-01-05 04:30:00,BHARATI,-18.22,6.05,80.74,449.52,84.93,75.99,75.97,78.27,63.36,1504,RUNNING,0
2026-01-05 04:40:00,MAITRI,-22.93,8.88,51.89,415.82,86.29,78.03,77.41,66.86,67.55,1478,RUNNING,0
2026-01-05 04:50:00,BHARATI,-15.62,11.08,61.96,300.88,89.96,74.96,76.81,80.92,41.32,1497,RUNNING,0
2026-01-05 05:00:00,MAITRI,-28.87,8.98,60.86,363.32,72.05,78.42,76.71,71.78,47.74,1528,RUNNING,0
2026-01-05 05:10:00,BHARATI,-31.22,0.97,70.87,433.15,94.27,77.55,77.31,72.09,64.21,1487,RUNNING,0
2026-01-05 05:20:00,MAITRI,-33.89,16.49,73.24,364.9,64.44,79.41,73.89,73.1,51.55,1515,RUNNING,0
2026-01-05 05:30:00,BHARATI,-17.52,18.37,54.93,434.24,76.62,76.68,76.72,81.9,56.37,1501,RUNNING,0
2026-01-05 05:40:00,MAITRI,-21.73,15.26,65.81,467.72,78.79,77.38,76.6,85.53,75.74,1493,RUNNING,0
2026-01-05 05:50:00,BHARATI,-25.28,6.31,40.76,487.38,86.07,79.35,78.34,77.69,68.22,1484,RUNNING,0
2026-01-05 06:00:00,MAITRI,-23.6,10.99,82.3,334.17,83.53,79.73,74.49,77.35,46.23,1502,RUNNING,0
2026-01-05 06:10:00,BHARATI,-30.63,11.97,58.85,573.77,80.83,76.62,78.19,79.52,82.61,1517,RUNNING,0
2026-01-05 06:20:00,MAITRI,-12.77,14.99,65.67,473.72,81.92,77.9,76.41,72.69,74.6,1495,RUNNING,0
2026-01-05 06:30:00,BHARATI,-24.35,15.34,61.28,419.88,75.15,78.06,76.9,81.4,53.26,1499,RUNNING,0
2026-01-05 06:40:00,MAITRI,-24.45,8.33,78.75,496.27,71.52,78.17,78.32,74.92,72.0,1512,RUNNING,0
2026-01-05 06:50:00,BHARATI,-21.37,12.41,30.95,585.58,87.09,77.2,76.97,85.78,92.0,1504,RUNNING,0
2026-01-05 07:00:00,MAITRI,-22.59,14.29,64.8,319.29,86.86,79.51,76.77,78.18,46.13,1481,RUNNING,0
2026-01-05 07:10:00,BHARATI,-23.88,19.28,63.73,404.23,93.09,74.74,76.58,77.56,52.81,1501,RUNNING,0
2026-01-05 07:20:00,MAITRI,-28.95,15.52,59.56,253.51,76.47,76.93,75.7,78.65,33.74,1518,RUNNING,0
2026-01-05 07:30:00,BHARATI,-22.64,15.95,85.71,433.49,86.85,78.22,76.24,84.77,62.75,1500,RUNNING,0
2026-01-05 07:40:00,MAITRI,-15.59,12.42,54.35,445.58,80.01,78.22,75.41,75.44,68.98,1467,RUNNING,0
2026-01-05 07:50:00,BHARATI,-18.27,19.05,74.26,417.26,90.33,79.55,76.21,72.2,58.25,1505,RUNNING,0
2026-01-05 08:00:00,MAITRI,-17.03,14.05,69.28,374.18,89.15,79.31,73.45,66.9,56.76,1498,RUNNING,0
2026-01-05 08:10:00,BHARATI,-27.56,7.69,80.14,276.53,83.48,77.07,76.76,80.89,33.76,1478,RUNNING,0
2026-01-05 08:20:00,MAITRI,-29.95,19.02,56.99,446.15,79.62,79.44,76.1,74.39,57.96,1480,RUNNING,0
2026-01-05 08:30:00,BHARATI,-25.63,15.49,56.2,521.88,88.73,76.4,75.83,82.59,72.62,1512,RUNNING,0
2026-01-05 08:40:00,MAITRI,-24.72,9.78,78.15,378.63,86.53,78.86,76.5,71.5,59.84,1491,RUNNING,0
2026-01-05 08:50:00,BHARATI,-19.53,9.6,70.1,450.8,77.21,80.17,74.51,82.42,64.68,1489,RUNNING,0
2026-01-05 09:00:00,MAITRI,-33.46,13.48,46.46,310.23,72.71,79.26,78.54,69.96,45.48,1500,RUNNING,0
2026-01-05 09:10:00,BHARATI,-17.35,14.32,58.53,452.0,79.98,77.59,76.09,71.53,65.68,1492,RUNNING,0
2026-01-05 09:20:00,MAITRI,-25.79,12.99,69.64,392.46,92.61,76.92,76.03,73.98,60.5,1501,RUNNING,0
2026-01-05 09:30:00,BHARATI,-27.13,13.56,75.05,366.63,90.03,75.11,75.04,72.04,49.93,1498,RUNNING,0
2026-01-05 09:40:00,MAITRI,-30.06,20.5,56.85,366.77,74.21,77.86,76.22,76.55,55.15,1486,RUNNING,0
2026-01-05 09:50:00,BHARATI,-33.27,17.36,30.03,392.45,73.83,75.71,77.85,74.61,52.74,1494,RUNNING,0
2026-01-05 10:00:00,MAITRI,-20.88,12.95,71.28,446.77,90.92,76.18,77.43,78.68,71.76,1505,RUNNING,0
2026-01-05 10:10:00,BHARATI,-24.63,16.71,50.36,328.15,74.05,75.57,77.2,72.04,43.68,1501,RUNNING,0
2026-01-05 10:20:00,MAITRI,-31.45,6.84,40.79,392.2,85.57,76.65,76.83,72.14,52.5,1499,RUNNING,0
2026-01-05 10:30:00,BHARATI,-31.48,13.99,31.01,417.1,77.69,77.29,75.74,73.09,61.78,1523,RUNNING,0
2026-01-05 10:40:00,MAITRI,-26.68,21.05,74.77,343.07,93.32,77.73,74.42,81.76,49.33,1509,RUNNING,0
2026-01-05 10:50:00,BHARATI,-16.65,10.91,66.54,545.77,76.61,76.41,75.91,79.54,79.27,1510,RUNNING,0
2026-01-05 11:00:00,MAITRI,-26.3,7.76,62.29,360.26,90.0,78.9,75.86,66.07,52.37,1498,RUNNING,0
2026-01-05 11:10:00,BHARATI,-32.52,8.74,81.67,373.14,83.29,76.97,77.4,72.25,48.94,1503,RUNNING,0
2026-01-05 11:20:00,MAITRI,-26.23,6.55,72.65,351.52,83.77,76.09,76.51,74.18,56.67,1495,RUNNING,0
2026-01-05 11:30:00,BHARATI,-26.36,8.08,84.4,545.89,68.21,77.6,78.06,86.03,81.56,1509,RUNNING,0
2026-01-05 11:40:00,MAITRI,-38.48,10.15,48.29,458.7,66.58,80.19,77.56,80.58,70.96,1499,RUNNING,0
2026-01-05 11:50:00,BHARATI,-25.27,4.97,64.59,354.44,80.46,77.74,75.57,70.17,48.52,1503,RUNNING,0
2026-01-05 12:00:00,MAITRI,-26.15,12.08,45.6,497.44,83.73,76.68,73.96,87.11,72.73,1502,RUNNING,0
2026-01-05 12:10:00,BHARATI,-21.52,16.51,62.25,434.05,74.12,74.92,77.77,75.73,62.8,1500,RUNNING,0
2026-01-05 12:20:00,MAITRI,-15.76,7.46,62.02,438.01,74.38,76.87,77.73,80.94,67.08,1535,RUNNING,0
2026-01-05 12:30:00,BHARATI,-19.37,19.6,72.52,395.89,85.93,77.54,74.45,70.28,61.2,1492,RUNNING,0
2026-01-05 12:40:00,MAITRI,-26.34,14.55,65.55,367.54,85.94,76.59,77.9,64.6,53.28,1492,RUNNING,0
2026-01-05 12:50:00,BHARATI,-30.53,17.15,72.48,443.64,81.04,74.67,76.54,70.46,57.31,1508,RUNNING,0
2026-01-05 13:00:00,MAITRI,-12.13,8.71,73.44,381.84,87.46,75.88,76.27,61.54,61.67,1493,RUNNING,0
2026-01-05 13:10:00,BHARATI,-24.7,16.27,90.86,547.17,73.78,79.32,78.01,87.13,80.39,1497,RUNNING,0
2026-01-05 13:20:00,MAITRI,-24.93,6.54,61.22,331.15,79.51,79.28,77.68,74.14,44.87,1487,RUNNING,0
2026-01-05 13:30:00,BHARATI,-25.12,16.45,53.71,527.53,93.54,75.79,76.84,74.49,76.99,1506,RUNNING,0
2026-01-05 13:40:00,MAITRI,-24.01,12.86,67.95,412.21,82.48,78.11,76.62,77.12,52.84,1506,RUNNING,0
2026-01-05 13:50:00,BHARATI,-25.72,14.77,55.37,440.94,82.88,75.32,76.79,76.78,67.21,1496,RUNNING,0
2026-01-05 14:00:00,MAITRI,-27.87,6.12,82.78,478.32,98.0,79.19,75.56,79.44,62.45,1509,RUNNING,0
2026-01-05 14:10:00,BHARATI,-27.73,7.52,61.6,375.88,72.2,77.44,75.97,79.24,52.81,1478,RUNNING,0
2026-01-05 14:20:00,MAITRI,-25.16,14.99,58.21,480.5,87.58,78.48,74.95,75.85,69.62,1492,RUNNING,0
2026-01-05 14:30:00,BHARATI,-27.72,7.26,59.34,230.47,93.65,74.47,75.62,67.24,37.08,1498,RUNNING,0
2026-01-05 14:40:00,MAITRI,-28.56,14.32,73.62,369.6,79.73,78.05,75.58,77.55,53.23,1486,RUNNING,0
2026-01-05 14:50:00,BHARATI,-24.47,5.16,63.11,355.32,88.02,77.01,75.25,77.09,53.3,1479,RUNNING,0
2026-01-05 15:00:00,MAITRI,-26.27,16.24,57.3,332.25,75.13,78.29,76.17,73.71,47.35,1496,RUNNING,0
2026-01-05 15:10:00,BHARATI,-17.48,5.84,84.98,404.95,77.19,78.37,75.61,83.83,57.72,1508,RUNNING,0
2026-01-05 15:20:00,MAITRI,-38.25,14.76,54.73,447.0,84.69,77.08,76.59,74.42,64.2,1515,RUNNING,0
2026-01-05 15:30:00,BHARATI,-19.54,15.13,65.43,469.19,87.59,76.07,74.04,73.13,66.27,1493,RUNNING,0
2026-01-05 15:40:00,MAITRI,-18.77,8.52,72.83,436.86,89.85,78.13,75.84,77.59,55.66,1509,RUNNING,0
2026-01-05 15:50:00,BHARATI,-35.37,14.91,45.42,373.4,92.99,76.86,76.13,71.64,50.27,1508,RUNNING,0
2026-01-05 16:00:00,MAITRI,-26.71,13.3,70.76,445.83,81.53,75.63,75.6,78.13,64.67,1515,RUNNING,0
2026-01-05 16:10:00,BHARATI,-26.86,9.31,52.34,428.7,90.36,75.54,75.76,72.39,60.25,1496,RUNNING,0
2026-01-05 16:20:00,MAITRI,-32.04,6.96,74.87,485.52,79.6,74.7,74.05,75.54,68.74,1478,RUNNING,0
2026-01-05 16:30:00,BHARATI,-28.89,2.19,53.45,474.39,88.31,76.13,76.38,84.42,66.48,1501,RUNNING,0
2026-01-05 16:40:00,MAITRI,-30.55,13.75,73.31,422.13,83.45,78.54,76.72,73.93,56.85,1488,RUNNING,0
2026-01-05 16:50:00,BHARATI,-16.24,4.18,78.27,357.19,85.12,77.14,76.53,70.73,49.06,1491,RUNNING,0
2026-01-05 17:00:00,MAITRI,-20.32,12.48,75.34,374.29,84.96,76.07,77.18,79.04,52.24,1496,RUNNING,0
2026-01-05 17:10:00,BHARATI,-18.64,10.68,68.02,381.51,70.77,78.06,76.17,70.33,54.52,1496,RUNNING,0
2026-01-05 17:20:00,MAITRI,-21.39,15.4,62.22,397.93,74.13,75.59,76.49,72.18,58.42,1502,RUNNING,0
2026-01-05 17:30:00,BHARATI,-30.65,10.49,58.08,438.76,82.72,76.97,76.1,78.28,61.96,1508,RUNNING,0
2026-01-05 17:40:00,MAITRI,-27.62,10.35,82.65,470.06,70.19,76.55,76.73,80.51,63.03,1496,RUNNING,0
2026-01-05 17:50:00,BHARATI,-22.55,15.66,56.61,416.42,87.82,77.97,74.01,80.29,53.9,1505,RUNNING,0
2026-01-05 18:00:00,MAITRI,-31.11,13.68,52.56,421.13,88.1,74.43,74.82,72.54,70.55,1500,RUNNING,0
2026-01-05 18:10:00,BHARATI,-21.44,13.58,72.98,430.03,84.29,75.5,77.79,78.13,56.91,1511,RUNNING,0
2026-01-05 18:20:00,MAITRI,-26.2,14.35,55.45,383.89,74.15,74.31,72.93,72.73,52.77,1498,RUNNING,0
2026-01-05 18:30:00,BHARATI,-26.87,4.32,53.6,355.22,91.66,76.37,75.71,71.46,52.81,1499,RUNNING,0
2026-01-05 18:40:00,MAITRI,-21.45,15.78,47.68,297.12,96.26,78.56,77.28,77.24,43.89,1496,RUNNING,0
2026-01-05 18:50:00,BHARATI,-22.78,15.06,59.21,371.34,83.03,75.97,75.75,72.09,55.13,1498,RUNNING,0
2026-01-05 19:00:00,MAITRI,-26.8,6.92,64.01,453.12,85.57,75.95,75.37,77.44,62.96,1491,RUNNING,0
2026-01-05 19:10:00,BHARATI,-19.2,10.78,67.92,370.8,83.41,78.02,76.01,74.89,53.93,1489,RUNNING,0
2026-01-05 19:20:00,MAITRI,-30.41,11.8,76.42,403.35,85.71,78.3,75.42,70.8,57.87,1509,RUNNING,0
2026-01-05 19:30:00,BHARATI,-21.92,11.33,71.32,452.65,81.16,76.55,75.88,80.18,63.42,1487,RUNNING,0
2026-01-05 19:40:00,MAITRI,-22.03,13.67,62.71,456.45,81.76,77.7,75.02,78.65,66.19,1496,RUNNING,0
2026-01-05 19:50:00,BHARATI,-26.55,19.16,62.62,344.43,88.34,75.04,77.16,65.67,53.43,1512,RUNNING,0
2026-01-05 20:00:00,MAITRI,-23.37,17.41,71.12,489.79,98.0,78.71,77.53,78.35,69.88,1496,RUNNING,0
2026-01-05 20:10:00,BHARATI,-31.26,5.44,80.27,498.91,72.2,79.86,75.66,74.38,71.21,1510,RUNNING,0
2026-01-05 20:20:00,MAITRI,-20.38,15.11,66.52,340.91,81.27,77.41,74.15,77.91,52.97,1493,RUNNING,0
2026-01-05 20:30:00,BHARATI,-25.92,18.64,59.37,362.33,73.74,73.49,75.18,68.28,55.61,1487,RUNNING,0
2026-01-05 20:40:00,MAITRI,-27.61,13.93,53.09,503.38,93.14,75.76,75.58,76.16,78.25,1481,RUNNING,0
2026-01-05 20:50:00,BHARATI,-19.75,17.45,47.66,409.72,77.89,77.51,76.4,76.69,51.51,1516,RUNNING,0
2026-01-05 21:00:00,MAITRI,-28.52,22.06,73.0,264.62,71.9,75.94,74.58,71.83,41.42,1486,RUNNING,0
2026-01-05 21:10:00,BHARATI,-32.04,17.12,71.94,322.02,86.47,78.47,74.86,76.1,48.41,1509,RUNNING,0
2026-01-05 21:20:00,MAITRI,-32.78,13.25,71.93,402.54,94.21,77.43,76.39,68.99,53.96,1488,RUNNING,0
2026-01-05 21:30:00,BHARATI,-21.97,17.23,63.46,338.59,86.65,75.48,76.9,80.07,49.38,1516,RUNNING,0
2026-01-05 21:40:00,MAITRI,-31.4,12.72,81.88,391.06,83.43,76.58,75.02,76.88,60.07,1526,RUNNING,0
2026-01-05 21:50:00,BHARATI,-16.23,12.12,59.19,422.27,84.86,75.18,74.16,81.0,57.01,1480,RUNNING,0
2026-01-05 22:00:00,MAITRI,-35.41,10.24,76.46,522.36,91.9,76.23,79.69,81.56,76.39,1487,RUNNING,0
2026-01-05 22:10:00,BHARATI,-16.52,19.82,64.54,399.67,75.88,75.66,76.69,74.95,60.58,1509,RUNNING,0
2026-01-05 22:20:00,MAITRI,-23.94,7.91,57.7,495.08,81.22,78.24,75.42,72.24,66.44,1506,RUNNING,0
2026-01-05 22:30:00,BHARATI,-25.48,19.66,72.11,520.01,78.83,79.64,76.78,75.75,73.72,1509,RUNNING,0
2026-01-05 22:40:00,MAITRI,-27.72,14.5,69.92,520.4,73.82,74.31,75.58,84.37,75.55,1493,RUNNING,0
2026-01-05 22:50:00,BHARATI,-23.0,5.0,69.28,439.93,79.7,73.56,76.76,81.54,59.66,1524,RUNNING,0
2026-01-05 23:00:00,MAITRI,-25.19,13.84,65.98,282.57,89.75,76.06,75.91,69.59,36.85,1501,RUNNING,0
2026-01-05 23:10:00,BHARATI,-19.48,1.5,64.55,452.26,85.97,74.14,75.82,65.03,64.07,1485,RUNNING,0
2026-01-05 23:20:00,MAITRI,-24.43,15.13,93.66,493.39,86.51,76.48,75.57,76.48,73.69,1497,RUNNING,0
2026-01-05 23:30:00,BHARATI,-24.25,16.43,79.21,414.33,83.03,77.52,73.96,74.21,61.76,1486,RUNNING,0
2026-01-05 23:40:00,MAITRI,-26.82,9.04,73.67,542.12,85.66,78.63,78.02,77.55,74.0,1519,RUNNING,0
2026-01-05 23:50:00,BHARATI,-25.28,12.62,66.34,480.19,76.4,76.67,74.56,79.12,71.21,1492,RUNNING,0
2026-01-06 00:00:00,MAITRI,-23.46,21.77,77.09,459.78,79.83,76.07,74.05,80.0,62.34,1506,RUNNING,0
2026-01-06 00:10:00,BHARATI,-33.55,9.47,71.22,496.05,83.34,73.38,75.42,81.36,64.42,1494,RUNNING,0
2026-01-06 00:20:00,MAITRI,-31.74,6.71,65.31,443.34,83.94,76.38,74.51,77.87,61.87,1493,RUNNING,0
2026-01-06 00:30:00,BHARATI,-21.28,19.41,61.36,245.5,84.24,76.43,75.6,63.93,39.56,1477,RUNNING,0
2026-01-06 00:40:00,MAITRI,-24.15,21.81,64.03,385.06,81.03,77.27,76.48,73.26,57.63,1507,RUNNING,0
2026-01-06 00:50:00,BHARATI,-25.92,12.02,26.95,503.8,79.36,75.24,76.84,86.81,71.97,1516,RUNNING,0
2026-01-06 01:00:00,MAITRI,-24.91,17.06,67.53,363.47,98.0,75.64,76.62,75.58,50.26,1489,RUNNING,0
2026-01-06 01:10:00,BHARATI,-23.26,18.71,59.14,404.36,88.35,74.06,75.27,76.58,56.21,1481,RUNNING,0
2026-01-06 01:20:00,MAITRI,-27.7,8.29,84.11,346.86,84.89,72.83,75.69,75.11,49.99,1510,RUNNING,0
2026-01-06 01:30:00,BHARATI,-28.89,9.57,65.23,544.87,80.37,74.59,76.12,80.28,73.57,1480,RUNNING,0
2026-01-06 01:40:00,MAITRI,-24.02,18.15,50.73,537.7,78.84,73.88,73.51,68.91,75.42,1515,RUNNING,0
2026-01-06 01:50:00,BHARATI,-29.89,20.43,64.4,358.13,81.08,76.73,76.3,73.0,50.3,1489,RUNNING,0
2026-01-06 02:00:00,MAITRI,-22.96,14.81,52.45,430.31,84.05,75.44,73.86,75.61,56.07,1487,RUNNING,0
2026-01-06 02:10:00,BHARATI,-33.51,7.6,70.68,372.37,68.84,75.4,78.05,79.44,49.84,1503,RUNNING,0
2026-01-06 02:20:00,MAITRI,-19.85,21.94,68.49,463.05,71.01,74.72,75.11,76.77,67.79,1488,RUNNING,0
2026-01-06 02:30:00,BHARATI,-22.64,9.35,76.49,455.68,77.54,71.33,75.37,69.81,65.13,1492,RUNNING,0
2026-01-06 02:40:00,MAITRI,-23.72,10.32,55.51,476.82,83.45,78.43,74.66,78.64,66.88,1504,RUNNING,0
2026-01-06 02:50:00,BHARATI,-20.09,13.71,65.41,443.23,80.33,74.66,74.82,72.87,59.67,1471,RUNNING,0
2026-01-06 03:00:00,MAITRI,-16.67,19.77,48.62,625.48,92.35,75.53,78.3,75.77,95.0,1520,RUNNING,0
2026-01-06 03:10:00,BHARATI,-19.93,16.27,73.42,348.05,71.62,73.95,76.69,70.36,46.37,1501,RUNNING,0
2026-01-06 03:20:00,MAITRI,-34.2,14.07,71.23,300.26,76.74,77.58,73.7,74.68,43.9,1484,RUNNING,0
2026-01-06 03:30:00,BHARATI,-31.4,14.32,70.95,392.48,92.64,76.32,77.36,79.85,54.12,1488,RUNNING,0
2026-01-06 03:40:00,MAITRI,-28.12,12.22,65.02,310.24,82.92,74.86,76.98,74.69,44.47,1512,RUNNING,0
2026-01-06 03:50:00,BHARATI,-24.87,14.79,69.98,315.53,88.19,75.5,75.2,75.42,46.91,1507,RUNNING,0
2026-01-06 04:00:00,MAITRI,-22.41,0.0,84.25,349.91,96.36,78.59,75.9,75.64,44.51,1517,RUNNING,0
2026-01-06 04:10:00,BHARATI,-28.63,10.52,61.58,355.45,77.14,75.95,75.51,74.29,50.75,1492,RUNNING,0
2026-01-06 04:20:00,MAITRI,-24.07,13.21,66.66,353.18,81.3,75.78,77.89,76.62,55.22,1504,RUNNING,0
2026-01-06 04:30:00,BHARATI,-28.78,6.24,51.97,456.28,80.09,74.62,74.56,66.73,72.23,1505,RUNNING,0
2026-01-06 04:40:00,MAITRI,-28.06,13.93,54.58,384.57,68.32,73.18,75.69,75.06,54.42,1508,RUNNING,0
2026-01-06 04:50:00,BHARATI,-32.03,10.98,66.17,407.43,79.83,75.77,74.99,71.01,58.37,1514,RUNNING,0
2026-01-06 05:00:00,MAITRI,-29.62,20.78,78.25,482.6,88.17,76.49,73.78,81.72,77.79,1491,RUNNING,0
2026-01-06 05:10:00,BHARATI,-31.76,19.87,61.92,366.36,85.78,77.64,78.12,73.57,56.88,1499,RUNNING,0
2026-01-06 05:20:00,MAITRI,-29.88,9.67,62.17,401.48,86.33,72.6,74.07,75.16,54.89,1493,RUNNING,0
2026-01-06 05:30:00,BHARATI,-19.73,11.25,60.12,445.6,79.37,74.28,75.75,70.12,61.18,1499,RUNNING,0
2026-01-06 05:40:00,MAITRI,-29.75,11.63,58.58,284.09,77.41,75.08,73.39,76.17,44.41,1508,RUNNING,0
2026-01-06 05:50:00,BHARATI,-11.84,9.74,68.54,253.06,90.88,75.93,74.99,73.84,32.11,1480,RUNNING,0
2026-01-06 06:00:00,MAITRI,-22.53,12.98,47.03,444.23,78.52,75.71,75.97,78.33,67.81,1513,RUNNING,0
2026-01-06 06:10:00,BHARATI,-24.08,8.21,80.37,454.44,84.06,75.73,74.47,73.11,66.26,1486,RUNNING,0
2026-01-06 06:20:00,MAITRI,-29.29,6.35,57.01,564.5,83.14,76.52,76.16,76.02,82.71,1496,RUNNING,0
2026-01-06 06:30:00,BHARATI,-21.5,15.11,73.66,431.07,92.23,74.54,75.12,76.67,60.55,1515,RUNNING,0
2026-01-06 06:40:00,MAITRI,-27.88,15.15,49.76,477.38,88.8,77.28,76.83,74.16,65.68,1504,RUNNING,0
2026-01-06 06:50:00,BHARATI,-24.39,7.98,73.03,406.32,72.93,76.52,77.07,76.9,63.89,1504,RUNNING,0
2026-01-06 07:00:00,MAITRI,-12.2,16.48,73.06,440.81,73.69,75.38,74.72,67.38,61.99,1486,RUNNING,0
2026-01-06 07:10:00,BHARATI,-25.48,8.84,69.61,536.71,86.05,78.25,75.51,76.47,75.03,1487,RUNNING,0
2026-01-06 07:20:00,MAITRI,-19.25,13.27,53.07,271.32,81.55,78.17,75.64,78.97,38.44,1511,RUNNING,0
2026-01-06 07:30:00,BHARATI,-28.52,16.1,67.99,448.95,78.81,77.22,76.15,77.98,64.91,1493,RUNNING,0
2026-01-06 07:40:00,MAITRI,-25.17,11.83,50.8,569.49,89.11,71.28,75.42,79.9,77.23,1494,RUNNING,0
2026-01-06 07:50:00,BHARATI,-16.15,14.27,61.97,439.74,83.31,78.16,75.63,83.93,60.56,1512,RUNNING,0
2026-01-06 08:00:00,MAITRI,-28.13,9.42,77.35,535.54,82.37,76.98,75.1,69.04,74.03,1487,RUNNING,0
2026-01-06 08:10:00,BHARATI,-15.94,11.02,74.56,375.96,87.46,78.78,75.52,71.14,57.09,1503,RUNNING,0
2026-01-06 08:20:00,MAITRI,-21.46,10.97,65.18,417.76,79.37,77.62,76.94,73.84,56.14,1501,RUNNING,0
2026-01-06 08:30:00,BHARATI,-27.81,8.27,53.3,422.35,92.98,78.12,76.15,78.99,53.31,1500,RUNNING,0
2026-01-06 08:40:00,MAITRI,-21.84,11.12,72.75,264.77,76.48,77.05,76.21,75.12,29.96,1494,STANDBY,0
2026-01-06 08:50:00,BHARATI,-20.14,4.26,65.23,338.23,86.6,77.75,76.23,69.99,42.44,1493,RUNNING,0
2026-01-06 09:00:00,MAITRI,-21.89,9.54,37.16,343.22,92.04,78.7,75.17,77.57,54.48,1487,RUNNING,0
2026-01-06 09:10:00,BHARATI,-32.85,10.58,74.39,477.54,72.36,76.02,75.73,75.33,68.29,1506,RUNNING,0
2026-01-06 09:20:00,MAITRI,-28.64,10.72,64.71,481.05,79.6,73.33,74.04,81.87,70.73,1492,RUNNING,0
2026-01-06 09:30:00,BHARATI,-26.24,10.79,79.43,442.68,90.0,75.21,76.86,71.94,65.39,1512,RUNNING,0
2026-01-06 09:40:00,MAITRI,-25.37,11.69,51.86,477.69,90.1,76.25,71.99,76.45,68.47,1497,RUNNING,0
2026-01-06 09:50:00,BHARATI,-21.9,14.4,26.88,408.51,80.8,75.76,75.22,73.25,58.06,1487,RUNNING,0
2026-01-06 10:00:00,MAITRI,-24.11,16.37,68.35,504.14,76.86,73.77,76.69,81.83,76.2,1497,RUNNING,0
2026-01-06 10:10:00,BHARATI,-31.68,8.75,68.5,420.62,88.69,73.18,73.68,73.42,60.67,1495,RUNNING,0
2026-01-06 10:20:00,MAITRI,-23.1,5.98,44.71,424.05,90.28,74.5,75.79,75.43,66.18,1512,RUNNING,0
2026-01-06 10:30:00,BHARATI,-21.95,6.79,53.26,401.41,73.85,76.82,74.49,77.06,59.83,1496,RUNNING,0
2026-01-06 10:40:00,MAITRI,-22.2,9.56,95.0,467.91,73.57,77.96,74.85,78.88,64.37,1497,RUNNING,0
2026-01-06 10:50:00,BHARATI,-19.6,10.24,61.33,390.52,83.58,76.95,76.43,78.31,53.8,1517,RUNNING,0
2026-01-06 11:00:00,MAITRI,-20.83,8.15,73.77,488.35,86.41,77.15,75.52,78.05,66.85,1506,RUNNING,0
2026-01-06 11:10:00,BHARATI,-22.7,5.52,57.19,340.75,79.91,75.43,72.84,71.85,53.55,1520,RUNNING,0
2026-01-06 11:20:00,MAITRI,-25.35,9.72,39.92,343.08,86.76,72.93,74.1,72.18,47.39,1515,RUNNING,0
2026-01-06 11:30:00,BHARATI,-33.3,12.91,62.96,468.12,77.03,74.85,76.44,76.81,63.68,1489,RUNNING,0
2026-01-06 11:40:00,MAITRI,-22.85,14.98,61.81,413.8,67.2,75.13,75.8,76.34,60.39,1512,RUNNING,0
2026-01-06 11:50:00,BHARATI,-23.96,9.21,60.2,388.23,79.03,74.76,77.35,74.12,55.07,1518,RUNNING,0
2026-01-06 12:00:00,MAITRI,-23.64,9.94,63.62,482.3,82.44,75.58,77.27,77.13,70.08,1518,RUNNING,0
2026-01-06 12:10:00,BHARATI,-31.38,7.37,68.17,377.49,80.07,76.15,74.83,68.37,61.49,1512,RUNNING,0
2026-01-06 12:20:00,MAITRI,-30.41,11.84,63.2,405.99,73.89,76.75,78.24,77.82,61.65,1512,RUNNING,0
2026-01-06 12:30:00,BHARATI,-19.73,7.76,49.83,517.95,69.29,75.04,75.26,78.67,74.1,1496,RUNNING,0
2026-01-06 12:40:00,MAITRI,-25.2,14.87,70.83,527.74,78.4,72.59,74.07,82.2,69.76,1490,RUNNING,0
2026-01-06 12:50:00,BHARATI,-21.59,3.07,41.61,530.07,88.28,74.71,74.46,78.25,73.72,1496,RUNNING,0
2026-01-06 13:00:00,MAITRI,-24.86,10.2,40.4,400.25,90.79,75.49,72.5,68.05,60.02,1480,RUNNING,0
2026-01-06 13:10:00,BHARATI,-24.85,13.51,73.87,506.15,90.31,77.25,77.13,76.22,67.62,1516,RUNNING,0
2026-01-06 13:20:00,MAITRI,-20.31,12.92,71.08,353.57,76.29,74.55,77.11,73.04,59.07,1497,RUNNING,0
2026-01-06 13:30:00,BHARATI,-27.58,25.47,64.31,356.52,73.92,76.16,73.98,76.88,50.99,1515,RUNNING,0
2026-01-06 13:40:00,MAITRI,-24.52,13.75,48.25,255.47,85.48,75.81,74.91,63.11,36.69,1485,RUNNING,0
2026-01-06 13:50:00,BHARATI,-27.31,6.98,56.51,537.1,86.45,75.43,75.3,78.59,74.06,1513,RUNNING,0
2026-01-06 14:00:00,MAITRI,-27.17,11.52,61.85,359.52,84.8,76.75,74.02,76.04,53.35,1494,RUNNING,0
2026-01-06 14:10:00,BHARATI,-26.55,3.12,45.85,411.14,67.9,74.35,73.06,72.63,54.1,1485,RUNNING,0
2026-01-06 14:20:00,MAITRI,-23.89,11.6,56.13,356.28,75.93,74.47,74.91,74.21,59.56,1520,RUNNING,0
2026-01-06 14:30:00,BHARATI,-27.39,7.83,72.83,468.66,81.79,75.3,74.77,74.21,72.22,1513,RUNNING,0
2026-01-06 14:40:00,MAITRI,-18.72,16.58,82.13,393.71,85.41,74.34,74.69,71.92,60.18,1503,RUNNING,0
2026-01-06 14:50:00,BHARATI,-29.47,9.25,59.97,328.66,87.37,76.05,75.41,71.58,41.39,1500,RUNNING,0
2026-01-06 15:00:00,MAITRI,-25.93,11.42,74.08,450.92,83.01,74.21,76.86,73.43,65.24,1505,RUNNING,0
2026-01-06 15:10:00,BHARATI,-27.2,8.82,42.03,319.64,84.32,75.61,74.77,75.73,50.5,1502,RUNNING,0
2026-01-06 15:20:00,MAITRI,-17.77,20.69,72.91,361.38,82.59,75.11,75.33,71.09,54.0,1490,RUNNING,0
2026-01-06 15:30:00,BHARATI,-24.02,10.39,55.35,272.52,86.8,75.57,75.99,68.2,34.92,1495,RUNNING,0
2026-01-06 15:40:00,MAITRI,-19.84,21.16,68.69,320.32,84.19,74.54,75.78,80.08,43.16,1524,RUNNING,0
2026-01-06 15:50:00,BHARATI,-32.43,16.07,62.03,432.5,82.46,74.71,74.37,79.66,59.98,1532,RUNNING,0
2026-01-06 16:00:00,MAITRI,-23.66,14.41,80.84,282.48,80.12,75.35,75.22,64.62,37.94,1519,RUNNING,0
2026-01-06 16:10:00,BHARATI,-20.55,13.84,54.51,316.32,82.57,75.5,75.76,69.85,51.3,1506,RUNNING,0
2026-01-06 16:20:00,MAITRI,-24.59,13.97,72.53,419.83,85.39,75.18,73.74,76.47,52.29,1496,RUNNING,0
2026-01-06 16:30:00,BHARATI,-19.67,2.36,61.65,381.95,83.87,77.73,76.6,75.84,57.19,1490,RUNNING,0
2026-01-06 16:40:00,MAITRI,-27.59,10.61,63.1,559.44,84.67,73.67,76.8,73.02,74.75,1491,RUNNING,0
2026-01-06 16:50:00,BHARATI,-17.95,16.23,62.79,548.37,91.4,75.05,74.21,83.34,74.49,1493,RUNNING,0
2026-01-06 17:00:00,MAITRI,-13.51,11.76,54.85,359.25,83.86,72.78,75.3,77.28,43.28,1526,RUNNING,0
2026-01-06 17:10:00,BHARATI,-26.81,4.97,64.83,459.0,77.46,75.68,75.83,78.4,63.38,1522,RUNNING,0
2026-01-06 17:20:00,MAITRI,-27.23,11.74,64.25,472.45,88.19,73.44,74.4,82.24,73.54,1509,RUNNING,0
2026-01-06 17:30:00,BHARATI,-17.73,20.52,67.89,378.18,72.44,74.68,75.63,76.26,55.08,1488,RUNNING,0
2026-01-06 17:40:00,MAITRI,-17.1,18.23,66.01,315.31,74.43,74.53,75.24,74.68,40.25,1511,RUNNING,0
2026-01-06 17:50:00,BHARATI,-27.61,11.69,74.58,419.14,84.35,75.5,73.28,81.71,63.95,1497,RUNNING,0
2026-01-06 18:00:00,MAITRI,-27.1,16.76,76.08,407.9,85.61,74.23,75.58,79.6,63.2,1474,RUNNING,0
2026-01-06 18:10:00,BHARATI,-26.41,10.17,52.39,389.5,73.28,74.16,73.71,71.37,56.06,1503,RUNNING,0
2026-01-06 18:20:00,MAITRI,-31.72,3.48,75.43,450.96,79.32,77.19,76.15,78.81,72.56,1490,RUNNING,0
2026-01-06 18:30:00,BHARATI,-29.59,7.38,50.76,367.45,77.76,75.45,74.21,71.53,55.78,1490,RUNNING,0
2026-01-06 18:40:00,MAITRI,-30.02,19.81,72.05,339.36,78.59,74.17,74.81,75.5,51.21,1497,RUNNING,0
2026-01-06 18:50:00,BHARATI,-28.84,10.63,72.44,427.64,88.61,74.63,76.65,77.6,57.88,1494,RUNNING,0
2026-01-06 19:00:00,MAITRI,-25.17,10.78,42.06,447.02,86.95,77.46,75.59,70.64,66.37,1500,RUNNING,0
2026-01-06 19:10:00,BHARATI,-23.83,10.5,66.12,337.63,81.87,74.63,73.69,72.95,49.1,1499,RUNNING,0
2026-01-06 19:20:00,MAITRI,-17.25,21.52,59.38,484.97,78.18,73.93,73.77,78.19,71.36,1477,RUNNING,0
2026-01-06 19:30:00,BHARATI,-29.99,20.13,55.89,296.07,72.55,73.93,74.26,70.66,39.56,1518,RUNNING,0
2026-01-06 19:40:00,MAITRI,-20.08,23.09,81.21,379.53,91.94,74.12,75.45,75.75,54.73,1488,RUNNING,0
2026-01-06 19:50:00,BHARATI,-26.07,11.2,57.16,401.94,86.14,74.04,75.4,78.27,54.15,1489,RUNNING,0
2026-01-06 20:00:00,MAITRI,-25.25,13.48,55.32,375.46,77.05,73.0,73.95,74.26,45.05,1496,RUNNING,0
2026-01-06 20:10:00,BHARATI,-21.63,4.42,65.91,380.45,87.04,73.22,73.55,75.41,58.34,1499,RUNNING,0
2026-01-06 20:20:00,MAITRI,-30.61,19.38,73.23,550.98,81.51,73.65,75.29,84.31,72.7,1518,RUNNING,0
2026-01-06 20:30:00,BHARATI,-23.09,6.16,63.3,360.44,79.99,75.77,74.72,75.9,51.92,1503,RUNNING,0
2026-01-06 20:40:00,MAITRI,-24.17,13.08,79.0,590.89,85.05,74.3,77.52,80.58,85.74,1507,RUNNING,0
2026-01-06 20:50:00,BHARATI,-22.54,6.51,71.37,450.6,76.81,74.55,74.97,72.43,65.68,1503,RUNNING,0
2026-01-06 21:00:00,MAITRI,-23.55,9.06,38.86,426.44,79.59,76.75,77.1,78.35,59.79,1503,RUNNING,0
2026-01-06 21:10:00,BHARATI,-12.72,7.81,58.65,453.34,82.85,76.78,73.51,77.65,65.85,1504,RUNNING,0
2026-01-06 21:20:00,MAITRI,-28.19,8.96,58.26,597.09,78.5,74.4,73.02,85.06,87.18,1477,RUNNING,0
2026-01-06 21:30:00,BHARATI,-27.65,9.3,70.75,350.45,86.68,73.87,73.56,73.95,53.0,1497,RUNNING,0
2026-01-06 21:40:00,MAITRI,-28.12,9.26,33.5,341.57,95.08,73.5,76.33,66.27,55.73,1514,RUNNING,0
2026-01-06 21:50:00,BHARATI,-27.78,16.17,95.0,367.16,76.72,75.83,77.0,67.38,53.39,1547,RUNNING,0
2026-01-06 22:00:00,MAITRI,-28.19,6.48,71.37,422.25,70.34,74.47,73.95,78.5,60.58,1486,RUNNING,0
2026-01-06 22:10:00,BHARATI,-19.05,13.1,66.79,299.2,67.99,74.18,74.33,70.2,39.12,1505,RUNNING,0
2026-01-06 22:20:00,MAITRI,-17.9,18.09,79.18,421.56,80.95,73.53,73.47,77.29,61.97,1493,RUNNING,0
2026-01-06 22:30:00,BHARATI,-27.85,9.43,93.12,538.55,77.36,73.59,72.7,78.92,79.61,1525,RUNNING,0
2026-01-06 22:40:00,MAITRI,-29.16,8.41,75.45,430.6,83.46,75.21,75.73,75.1,60.74,1484,RUNNING,0
2026-01-06 22:50:00,BHARATI,-22.64,10.85,76.39,399.51,82.93,72.74,75.13,74.6,59.25,1507,RUNNING,0
2026-01-06 23:00:00,MAITRI,-27.76,17.9,66.57,376.73,70.78,76.2,74.86,70.96,52.65,1483,RUNNING,0
2026-01-06 23:10:00,BHARATI,-21.84,12.97,63.3,482.9,69.3,73.89,73.17,77.01,71.67,1496,RUNNING,0
2026-01-06 23:20:00,MAITRI,-23.99,9.34,59.29,362.19,84.07,74.46,76.81,71.72,55.39,1500,RUNNING,0
2026-01-06 23:30:00,BHARATI,-32.58,14.42,55.09,549.25,82.95,72.66,74.23,77.24,82.06,1513,RUNNING,0
2026-01-06 23:40:00,MAITRI,-17.26,6.49,56.76,555.34,79.02,74.64,75.47,77.59,79.8,1487,RUNNING,0
2026-01-06 23:50:00,BHARATI,-16.02,15.41,48.79,437.97,70.4,74.15,73.08,75.04,58.41,1508,RUNNING,0
2026-01-07 00:00:00,MAITRI,-28.06,14.04,64.09,419.19,85.3,74.56,74.59,79.17,57.44,1500,RUNNING,0
2026-01-07 00:10:00,BHARATI,-26.94,10.46,44.78,492.15,90.9,76.83,75.16,76.78,72.69,1503,RUNNING,0
2026-01-07 00:20:00,MAITRI,-23.57,7.81,67.29,496.64,83.95,74.87,75.2,81.51,80.74,1511,RUNNING,0
2026-01-07 00:30:00,BHARATI,-23.33,7.57,64.56,363.58,76.07,73.4,74.98,80.24,50.58,1485,RUNNING,0
2026-01-07 00:40:00,MAITRI,-21.71,14.67,66.76,383.14,82.31,73.52,75.39,78.0,56.56,1510,RUNNING,0
2026-01-07 00:50:00,BHARATI,-14.95,18.14,58.73,327.44,72.44,75.46,73.43,75.32,44.55,1493,RUNNING,0
2026-01-07 01:00:00,MAITRI,-25.88,8.81,95.0,448.63,89.41,76.51,75.02,77.52,60.19,1513,RUNNING,0
2026-01-07 01:10:00,BHARATI,-28.99,14.29,81.32,466.66,82.57,74.97,74.91,80.13,63.96,1504,RUNNING,0
2026-01-07 01:20:00,MAITRI,-31.9,1.56,50.07,325.51,69.62,75.57,75.05,73.5,38.17,1497,RUNNING,0
2026-01-07 01:30:00,BHARATI,-28.65,9.08,67.79,388.14,79.9,75.44,74.85,78.64,60.86,1493,RUNNING,0
2026-01-07 01:40:00,MAITRI,-25.17,11.84,57.7,325.69,85.24,76.64,73.23,75.6,37.61,1510,RUNNING,0
2026-01-07 01:50:00,BHARATI,-16.03,7.45,52.83,357.08,79.67,71.58,73.17,72.49,49.96,1515,RUNNING,0
2026-01-07 02:00:00,MAITRI,-27.59,7.32,48.92,458.57,80.07,75.49,72.09,80.05,60.8,1494,RUNNING,0
2026-01-07 02:10:00,BHARATI,-23.88,8.66,70.19,368.66,73.43,75.95,75.72,74.58,49.13,1486,RUNNING,0
2026-01-07 02:20:00,MAITRI,-25.08,13.46,56.82,398.94,85.97,72.46,75.73,74.55,62.5,1508,RUNNING,0
2026-01-07 02:30:00,BHARATI,-19.06,11.06,76.61,306.09,77.46,73.12,75.74,70.75,44.53,1483,RUNNING,0
2026-01-07 02:40:00,MAITRI,-12.37,0.81,76.93,433.09,66.9,73.16,75.09,76.49,58.01,1484,RUNNING,0
2026-01-07 02:50:00,BHARATI,-27.65,1.4,81.49,416.9,79.4,73.33,72.15,79.41,57.2,1487,RUNNING,0
2026-01-07 03:00:00,MAITRI,-27.45,8.97,54.77,368.97,88.87,73.69,73.48,77.78,49.65,1495,RUNNING,0
2026-01-07 03:10:00,BHARATI,-19.78,14.29,70.7,406.77,79.29,74.77,74.91,76.58,57.94,1484,RUNNING,0
2026-01-07 03:20:00,MAITRI,-21.59,0.0,72.59,432.62,94.17,75.69,74.86,78.21,62.49,1477,RUNNING,0
2026-01-07 03:30:00,BHARATI,-15.77,9.5,59.31,362.96,85.0,76.0,74.42,79.16,59.43,1486,RUNNING,0
2026-01-07 03:40:00,MAITRI,-22.08,9.37,55.74,316.66,84.37,73.11,75.13,72.32,37.57,1508,RUNNING,0
2026-01-07 03:50:00,BHARATI,-26.8,18.94,84.31,546.39,81.1,73.09,74.69,74.2,77.92,1485,RUNNING,0
2026-01-07 04:00:00,MAITRI,-22.05,10.07,67.73,375.67,81.52,76.32,74.82,79.6,52.41,1496,RUNNING,0
2026-01-07 04:10:00,BHARATI,-19.46,13.91,72.63,413.23,80.16,75.3,73.9,73.21,62.82,1523,RUNNING,0
2026-01-07 04:20:00,MAITRI,-20.9,12.71,55.14,490.76,79.88,74.44,75.84,74.51,71.53,1499,RUNNING,0
2026-01-07 04:30:00,BHARATI,-22.46,1.35,50.37,650.0,85.72,75.02,74.14,74.07,95.0,1504,RUNNING,0
2026-01-07 04:40:00,MAITRI,-19.67,15.84,58.17,332.89,75.45,74.25,73.05,75.61,48.94,1489,RUNNING,0
2026-01-07 04:50:00,BHARATI,-19.15,13.08,63.51,451.49,74.47,75.07,73.72,69.8,60.77,1526,RUNNING,0
2026-01-07 05:00:00,MAITRI,-18.09,14.54,52.23,370.47,74.14,73.77,74.22,71.26,57.77,1494,RUNNING,0
2026-01-07 05:10:00,BHARATI,-21.76,31.63,64.88,382.28,96.32,74.66,75.82,76.91,57.81,1497,RUNNING,0
2026-01-07 05:20:00,MAITRI,-25.84,1.58,44.74,369.59,85.71,71.98,74.57,77.13,56.46,1516,RUNNING,0
2026-01-07 05:30:00,BHARATI,-24.27,20.62,51.56,341.2,84.13,73.2,74.39,70.92,53.8,1498,RUNNING,0
2026-01-07 05:40:00,MAITRI,-18.97,10.56,73.05,417.11,74.6,73.21,73.11,74.89,61.26,1501,RUNNING,0
2026-01-07 05:50:00,BHARATI,-29.08,13.44,72.25,316.78,86.36,73.65,75.55,69.43,51.18,1497,RUNNING,0
2026-01-07 06:00:00,MAITRI,-23.16,11.77,60.3,486.28,81.18,72.81,73.82,74.96,70.98,1497,RUNNING,0
2026-01-07 06:10:00,BHARATI,-26.97,9.88,52.79,423.85,83.5,73.39,74.47,76.66,59.67,1504,RUNNING,0
2026-01-07 06:20:00,MAITRI,-24.86,9.15,52.67,449.57,75.16,71.9,76.36,74.23,64.2,1507,RUNNING,0
2026-01-07 06:30:00,BHARATI,-18.61,13.65,60.52,387.37,83.12,74.99,75.19,73.71,55.24,1492,RUNNING,0
2026-01-07 06:40:00,MAITRI,-24.04,4.41,72.73,394.3,79.03,74.03,72.62,69.0,54.25,1491,RUNNING,0
2026-01-07 06:50:00,BHARATI,-24.77,15.75,76.14,440.13,76.64,71.58,72.45,80.54,69.4,1493,RUNNING,0
2026-01-07 07:00:00,MAITRI,-31.8,9.92,59.04,338.52,87.14,72.88,74.49,75.5,49.54,1483,RUNNING,0
2026-01-07 07:10:00,BHARATI,-21.27,6.35,51.16,394.94,71.24,74.62,73.1,78.05,56.8,1481,RUNNING,0
2026-01-07 07:20:00,MAITRI,-21.77,9.75,68.21,359.83,85.95,73.29,75.33,79.16,52.96,1504,RUNNING,0
2026-01-07 07:30:00,BHARATI,-14.18,18.29,55.12,357.66,86.79,73.05,74.6,70.64,63.01,1511,RUNNING,0
2026-01-07 07:40:00,MAITRI,-26.54,9.32,58.78,272.31,75.84,73.97,74.74,70.37,34.37,1510,RUNNING,0
2026-01-07 07:50:00,BHARATI,-23.9,13.79,80.9,513.75,76.26,74.58,73.69,70.26,70.01,1471,RUNNING,0
2026-01-07 08:00:00,MAITRI,-23.75,8.35,74.93,371.94,80.44,71.9,76.62,86.86,47.61,1497,RUNNING,0
2026-01-07 08:10:00,BHARATI,-17.11,15.79,66.9,501.44,83.97,74.87,77.93,76.94,70.7,1487,RUNNING,0
2026-01-07 08:20:00,MAITRI,-25.48,15.43,49.74,494.82,80.93,72.83,74.18,81.53,71.67,1502,RUNNING,0
2026-01-07 08:30:00,BHARATI,-23.6,21.24,67.54,329.98,85.03,73.99,74.93,68.3,45.28,1495,RUNNING,0
2026-01-07 08:40:00,MAITRI,-21.96,11.12,77.75,343.81,94.34,73.95,74.62,77.58,46.96,1507,RUNNING,0
2026-01-07 08:50:00,BHARATI,-24.07,15.34,60.49,599.24,78.45,73.21,74.19,87.41,86.17,1500,RUNNING,0
2026-01-07 09:00:00,MAITRI,-27.23,12.49,81.21,542.56,69.99,72.45,73.49,78.32,75.5,1477,RUNNING,0
2026-01-07 09:10:00,BHARATI,-24.03,18.48,80.51,417.79,87.78,73.54,73.18,71.4,60.93,1488,RUNNING,0
2026-01-07 09:20:00,MAITRI,-19.63,8.41,84.96,438.02,93.78,76.4,73.12,75.4,67.03,1500,RUNNING,0
2026-01-07 09:30:00,BHARATI,-30.13,15.73,68.66,375.84,84.75,71.91,74.96,65.49,56.4,1501,RUNNING,0
2026-01-07 09:40:00,MAITRI,-24.34,11.03,72.05,450.26,74.39,76.47,73.84,76.11,67.85,1483,RUNNING,0
2026-01-07 09:50:00,BHARATI,-28.5,11.68,81.97,369.8,81.13,73.53,71.37,77.53,57.17,1482,RUNNING,0
2026-01-07 10:00:00,MAITRI,-19.02,12.46,70.37,277.74,74.17,73.97,74.99,71.8,40.81,1501,RUNNING,0
2026-01-07 10:10:00,BHARATI,-32.62,13.26,58.99,327.49,86.5,72.27,74.4,72.05,46.15,1483,RUNNING,0
2026-01-07 10:20:00,MAITRI,-27.79,11.42,59.62,421.48,72.54,72.73,76.06,77.65,57.12,1480,RUNNING,0
2026-01-07 10:30:00,BHARATI,-23.11,13.07,67.86,340.83,79.9,73.12,74.89,75.94,47.12,1495,RUNNING,0
2026-01-07 10:40:00,MAITRI,-17.17,19.89,49.51,415.29,74.97,72.3,72.66,68.74,57.23,1494,RUNNING,0
2026-01-07 10:50:00,BHARATI,-25.33,16.93,63.28,344.77,82.89,73.54,71.75,73.97,52.18,1489,RUNNING,0
2026-01-07 11:00:00,MAITRI,-27.78,16.35,78.16,365.24,79.44,73.23,73.56,83.87,53.56,1492,RUNNING,0
2026-01-07 11:10:00,BHARATI,-15.59,9.72,38.7,479.72,83.24,76.6,73.66,71.65,71.32,1500,RUNNING,0
2026-01-07 11:20:00,MAITRI,-32.24,7.55,83.41,437.32,82.16,72.07,75.54,75.59,57.83,1491,RUNNING,0
2026-01-07 11:30:00,BHARATI,-35.99,16.78,78.47,419.32,75.09,73.96,74.39,83.25,65.63,1501,RUNNING,0
2026-01-07 11:40:00,MAITRI,-22.8,16.38,59.48,481.53,86.39,74.16,75.76,81.45,67.08,1495,RUNNING,0
2026-01-07 11:50:00,BHARATI,-27.51,19.36,71.52,453.64,81.66,72.17,72.8,74.29,60.41,1502,RUNNING,0
2026-01-07 12:00:00,MAITRI,-30.11,8.98,65.04,521.26,75.08,74.8,75.54,78.86,72.71,1511,RUNNING,0
2026-01-07 12:10:00,BHARATI,-21.46,10.85,79.76,387.81,97.69,73.16,75.24,74.69,65.34,1510,RUNNING,0
2026-01-07 12:20:00,MAITRI,-23.78,3.8,76.79,389.93,85.34,70.01,71.95,71.76,54.15,1515,RUNNING,0
2026-01-07 12:30:00,BHARATI,-27.82,10.04,48.2,328.92,80.93,74.72,75.95,72.93,45.69,1510,RUNNING,0
2026-01-07 12:40:00,MAITRI,-31.4,16.98,72.05,389.97,91.91,72.04,74.47,73.63,54.94,1503,RUNNING,0
2026-01-07 12:50:00,BHARATI,-20.64,9.67,62.53,487.53,94.89,72.14,74.82,77.64,69.05,1495,RUNNING,0
2026-01-07 13:00:00,MAITRI,-21.75,15.2,65.99,511.0,80.98,74.73,73.31,74.78,69.87,1495,RUNNING,0
2026-01-07 13:10:00,BHARATI,-25.5,11.05,56.26,487.22,84.43,73.16,75.87,72.07,70.18,1489,RUNNING,0
2026-01-07 13:20:00,MAITRI,-15.77,13.62,85.98,294.41,75.08,75.05,72.91,72.2,46.36,1500,RUNNING,0
2026-01-07 13:30:00,BHARATI,-30.35,6.26,77.48,495.82,80.97,75.48,75.33,84.26,72.09,1508,RUNNING,0
2026-01-07 13:40:00,MAITRI,-32.63,12.43,56.12,291.3,80.61,72.68,75.31,72.61,37.17,1491,RUNNING,0
2026-01-07 13:50:00,BHARATI,-28.46,0.0,48.98,482.87,83.29,74.83,73.15,75.75,67.6,1500,RUNNING,0
2026-01-07 14:00:00,MAITRI,-25.23,11.07,60.37,394.26,84.33,72.49,76.69,77.87,54.12,1492,RUNNING,0
2026-01-07 14:10:00,BHARATI,-23.78,3.85,70.21,469.18,85.92,76.96,74.58,76.1,67.24,1503,RUNNING,0
2026-01-07 14:20:00,MAITRI,-26.21,18.03,67.88,326.73,83.66,72.56,75.08,80.64,52.0,1493,RUNNING,0
2026-01-07 14:30:00,BHARATI,-23.24,15.89,80.04,501.98,73.52,75.13,72.46,77.53,71.12,1491,RUNNING,0
2026-01-07 14:40:00,MAITRI,-31.26,14.33,74.48,317.45,75.43,74.84,76.83,75.74,45.0,1492,RUNNING,0
2026-01-07 14:50:00,BHARATI,-17.78,19.61,76.63,373.21,78.18,74.04,72.81,71.31,60.43,1506,RUNNING,0
2026-01-07 15:00:00,MAITRI,-25.41,7.26,68.92,350.13,80.02,72.55,75.51,75.77,53.52,1499,RUNNING,0
2026-01-07 15:10:00,BHARATI,-19.41,20.74,48.33,297.2,89.36,73.31,73.08,73.53,44.75,1495,RUNNING,0
2026-01-07 15:20:00,MAITRI,-23.29,16.66,62.65,426.62,73.86,70.3,73.52,75.44,68.78,1503,RUNNING,0
2026-01-07 15:30:00,BHARATI,-22.72,10.82,77.72,546.43,79.5,73.85,75.2,76.65,80.02,1495,RUNNING,0
2026-01-07 15:40:00,MAITRI,-22.15,17.68,64.38,606.68,88.67,74.03,75.49,77.61,78.72,1514,RUNNING,0
2026-01-07 15:50:00,BHARATI,-22.76,6.47,71.04,426.8,79.9,73.69,72.72,76.8,64.3,1488,RUNNING,0
2026-01-07 16:00:00,MAITRI,-21.79,7.88,61.18,498.17,85.22,69.02,75.55,79.97,64.8,1498,RUNNING,0
2026-01-07 16:10:00,BHARATI,-18.35,8.96,52.64,436.25,81.02,71.57,75.49,75.4,64.13,1483,RUNNING,0
2026-01-07 16:20:00,MAITRI,-24.02,9.36,63.52,454.92,83.8,72.33,73.1,77.52,58.13,1496,RUNNING,0
2026-01-07 16:30:00,BHARATI,-21.45,6.72,68.71,396.05,80.4,73.88,76.14,74.75,54.71,1480,RUNNING,0
2026-01-07 16:40:00,MAITRI,-25.45,18.12,57.13,433.66,86.67,73.87,72.47,76.24,60.5,1509,RUNNING,0
2026-01-07 16:50:00,BHARATI,-17.8,10.71,62.17,457.62,71.18,73.16,73.46,75.64,62.29,1509,RUNNING,0
2026-01-07 17:00:00,MAITRI,-28.38,13.76,53.73,379.51,79.46,74.36,74.78,74.56,52.82,1509,RUNNING,0
2026-01-07 17:10:00,BHARATI,-16.0,9.15,78.43,414.58,84.08,71.86,73.17,86.16,63.36,1500,RUNNING,0
2026-01-07 17:20:00,MAITRI,-25.2,2.9,61.47,415.91,85.74,74.3,74.51,76.64,56.56,1489,RUNNING,0
2026-01-07 17:30:00,BHARATI,-32.15,13.35,82.43,477.85,92.45,74.08,74.48,79.53,70.44,1490,RUNNING,0
2026-01-07 17:40:00,MAITRI,-24.36,2.44,83.34,345.38,79.26,73.93,73.96,75.39,45.48,1518,RUNNING,0
2026-01-07 17:50:00,BHARATI,-28.41,11.66,64.03,416.39,92.36,73.07,75.17,74.36,58.73,1517,RUNNING,0
2026-01-07 18:00:00,MAITRI,-20.8,5.16,52.9,553.84,77.39,76.08,73.89,84.02,80.42,1501,RUNNING,0
2026-01-07 18:10:00,BHARATI,-28.26,21.94,39.97,501.48,91.3,74.06,74.44,76.37,67.65,1494,RUNNING,0
2026-01-07 18:20:00,MAITRI,-27.23,16.56,47.34,514.44,87.72,71.86,75.53,82.08,68.24,1516,RUNNING,0
2026-01-07 18:30:00,BHARATI,-34.45,12.53,48.51,421.71,75.61,73.67,75.1,74.21,62.21,1492,RUNNING,0
2026-01-07 18:40:00,MAITRI,-27.26,18.32,81.54,442.47,84.15,74.42,75.09,72.22,67.7,1503,RUNNING,0
2026-01-07 18:50:00,BHARATI,-37.12,7.77,66.39,490.16,81.64,72.39,72.76,78.72,69.71,1516,RUNNING,0
2026-01-07 19:00:00,MAITRI,-32.92,14.72,69.68,529.22,86.38,74.9,74.76,73.81,73.77,1490,RUNNING,0
2026-01-07 19:10:00,BHARATI,-21.2,13.0,38.35,283.39,80.44,73.83,73.07,74.23,41.11,1510,RUNNING,0
2026-01-07 19:20:00,MAITRI,-21.07,13.32,50.62,327.92,79.85,69.73,72.58,68.42,47.07,1506,RUNNING,0
2026-01-07 19:30:00,BHARATI,-22.87,18.36,75.64,511.66,91.58,73.68,74.03,76.52,74.07,1500,RUNNING,0
2026-01-07 19:40:00,MAITRI,-29.83,15.66,68.44,400.62,81.31,72.61,73.02,69.29,47.12,1488,RUNNING,0
2026-01-07 19:50:00,BHARATI,-25.24,13.44,63.23,372.98,87.78,74.01,75.05,85.62,49.01,1491,RUNNING,0
2026-01-07 20:00:00,MAITRI,-25.02,3.73,71.78,332.21,80.42,74.61,75.07,66.69,44.08,1503,RUNNING,0
2026-01-07 20:10:00,BHARATI,-30.79,7.2,84.63,381.15,93.67,73.47,71.81,74.57,55.05,1483,RUNNING,0
2026-01-07 20:20:00,MAITRI,-17.48,11.39,62.35,321.83,77.25,75.67,73.09,77.62,46.72,1502,RUNNING,0
2026-01-07 20:30:00,BHARATI,-20.61,12.47,65.83,566.38,77.7,72.89,72.33,83.3,83.46,1506,RUNNING,0
2026-01-07 20:40:00,MAITRI,-26.1,6.35,67.31,418.43,92.67,74.08,73.52,78.87,60.81,1512,RUNNING,0
2026-01-07 20:50:00,BHARATI,-24.87,24.06,93.71,415.94,78.89,74.34,74.61,74.13,54.22,1483,RUNNING,0
2026-01-07 21:00:00,MAITRI,-23.96,19.58,39.81,461.17,93.21,72.97,73.77,81.93,71.67,1516,RUNNING,0
2026-01-07 21:10:00,BHARATI,-35.21,15.01,73.2,487.36,88.24,74.28,73.35,80.84,74.71,1520,RUNNING,0
2026-01-07 21:20:00,MAITRI,-26.24,12.36,63.62,486.21,80.92,72.2,75.61,78.0,64.43,1505,RUNNING,0
2026-01-07 21:30:00,BHARATI,-28.41,10.94,71.8,495.15,69.31,72.45,71.28,78.34,72.07,1488,RUNNING,0
2026-01-07 21:40:00,MAITRI,-30.01,7.24,57.11,375.84,81.86,71.1,75.52,73.18,51.31,1496,RUNNING,0
2026-01-07 21:50:00,BHARATI,-26.41,12.39,64.41,399.15,82.71,73.42,73.38,71.34,57.58,1499,RUNNING,0
2026-01-07 22:00:00,MAITRI,-16.01,13.29,73.54,473.83,90.17,73.54,73.93,81.79,71.9,1503,RUNNING,0
2026-01-07 22:10:00,BHARATI,-21.8,5.79,95.0,383.08,93.12,74.8,73.39,79.83,63.25,1500,RUNNING,0
2026-01-07 22:20:00,MAITRI,-27.86,13.67,74.7,419.64,77.21,74.21,75.86,71.95,62.95,1503,RUNNING,0
2026-01-07 22:30:00,BHARATI,-22.14,11.22,54.82,447.91,87.61,72.58,72.53,75.58,65.17,1499,RUNNING,0
2026-01-07 22:40:00,MAITRI,-18.0,2.46,59.91,474.96,87.36,71.23,74.01,76.3,66.49,1503,RUNNING,0
2026-01-07 22:50:00,BHARATI,-20.38,7.7,59.56,295.56,89.51,73.64,74.63,72.26,42.95,1494,RUNNING,0
2026-01-07 23:00:00,MAITRI,-24.7,9.93,43.45,470.03,85.49,74.64,72.05,77.01,72.59,1496,RUNNING,0
2026-01-07 23:10:00,BHARATI,-28.23,21.44,61.04,403.64,68.4,74.1,72.88,78.88,57.48,1493,RUNNING,0
2026-01-07 23:20:00,MAITRI,-21.51,14.78,73.79,469.52,80.91,74.58,73.8,73.75,63.53,1523,RUNNING,0
2026-01-07 23:30:00,BHARATI,-23.03,5.32,49.71,474.39,73.91,72.62,72.91,73.47,61.29,1518,RUNNING,0
2026-01-07 23:40:00,MAITRI,-20.52,14.43,77.58,532.55,80.58,72.23,72.99,83.26,78.13,1507,RUNNING,0
2026-01-07 23:50:00,BHARATI,-21.82,4.26,70.85,514.74,88.86,71.81,73.54,76.02,74.52,1516,RUNNING,0
2026-01-08 00:00:00,MAITRI,-19.75,17.41,56.19,514.26,84.14,72.82,74.73,72.8,70.88,1510,RUNNING,0
2026-01-08 00:10:00,BHARATI,-27.68,9.64,63.3,521.06,90.04,72.77,73.53,76.09,78.54,1502,RUNNING,0
2026-01-08 00:20:00,MAITRI,-18.41,11.53,84.18,440.4,84.39,73.19,75.23,74.69,61.23,1482,RUNNING,0
2026-01-08 00:30:00,BHARATI,-24.01,18.63,73.8,422.25,72.91,72.67,72.74,81.78,59.78,1497,RUNNING,0
2026-01-08 00:40:00,MAITRI,-14.62,5.56,65.11,481.1,64.35,72.66,72.43,80.73,68.66,1496,RUNNING,0
2026-01-08 00:50:00,BHARATI,-28.45,5.01,62.15,471.25,83.04,71.68,76.23,81.37,65.92,1486,RUNNING,0
2026-01-08 01:00:00,MAITRI,-16.32,9.08,65.92,398.37,80.5,74.24,73.13,78.24,57.85,1482,RUNNING,0
2026-01-08 01:10:00,BHARATI,-24.01,17.19,58.86,448.34,75.16,72.93,72.34,79.99,68.65,1506,RUNNING,0
2026-01-08 01:20:00,MAITRI,-28.26,4.4,39.74,417.54,70.1,72.55,71.81,72.69,55.08,1504,RUNNING,0
2026-01-08 01:30:00,BHARATI,-27.42,0.0,89.51,360.22,76.86,71.67,75.19,73.21,53.41,1486,RUNNING,0
2026-01-08 01:40:00,MAITRI,-26.6,9.74,66.86,510.33,80.64,70.79,73.48,73.8,73.59,1491,RUNNING,0
2026-01-08 01:50:00,BHARATI,-22.88,14.76,69.78,423.86,86.66,74.73,73.58,74.75,61.17,1514,RUNNING,0
2026-01-08 02:00:00,MAITRI,-22.39,18.0,64.31,563.41,83.32,73.59,73.69,81.82,83.97,1489,RUNNING,0
2026-01-08 02:10:00,BHARATI,-27.87,9.68,56.18,306.22,93.26,70.31,75.09,73.19,43.94,1502,RUNNING,0
2026-01-08 02:20:00,MAITRI,-25.12,9.94,62.77,381.03,74.75,73.88,73.65,79.77,56.35,1498,RUNNING,0
2026-01-08 02:30:00,BHARATI,-14.29,17.77,45.81,422.28,88.17,74.11,76.67,70.99,63.19,1506,RUNNING,0
2026-01-08 02:40:00,MAITRI,-16.36,2.65,92.33,499.62,82.33,72.9,74.02,79.49,69.36,1490,RUNNING,0
2026-01-08 02:50:00,BHARATI,-22.82,10.06,50.19,447.96,86.86,75.1,75.12,71.21,65.19,1501,RUNNING,0
2026-01-08 03:00:00,MAITRI,-24.81,12.95,52.62,441.73,78.94,73.01,74.81,76.42,62.1,1502,RUNNING,0
2026-01-08 03:10:00,BHARATI,-24.4,14.25,59.72,341.09,89.5,70.55,73.79,76.49,48.2,1503,RUNNING,0
2026-01-08 03:20:00,MAITRI,-21.93,9.45,80.46,339.01,84.07,73.21,73.13,72.62,47.14,1501,RUNNING,0
2026-01-08 03:30:00,BHARATI,-30.11,12.17,65.17,442.58,77.24,73.02,74.22,78.27,65.11,1504,RUNNING,0
2026-01-08 03:40:00,MAITRI,-26.29,0.0,50.17,324.51,81.92,71.74,74.43,69.27,46.69,1526,RUNNING,0
2026-01-08 03:50:00,BHARATI,-33.34,8.71,80.05,382.77,80.32,73.49,73.13,67.91,56.26,1531,RUNNING,0
2026-01-08 04:00:00,MAITRI,-23.0,14.27,73.77,455.06,85.42,70.11,74.01,78.6,64.94,1492,RUNNING,0
2026-01-08 04:10:00,BHARATI,-21.76,7.09,71.46,351.24,73.74,74.09,75.29,80.76,43.76,1472,RUNNING,0
2026-01-08 04:20:00,MAITRI,-27.42,12.29,73.59,532.37,81.79,71.27,76.28,74.33,76.18,1507,RUNNING,0
2026-01-08 04:30:00,BHARATI,-17.13,14.23,93.73,505.68,84.77,71.1,74.82,82.53,72.49,1502,RUNNING,0
2026-01-08 04:40:00,MAITRI,-31.13,10.29,91.22,310.0,82.23,72.4,76.02,72.92,45.26,1513,RUNNING,0
2026-01-08 04:50:00,BHARATI,-32.32,12.85,56.76,354.73,91.43,73.21,73.02,68.53,48.3,1503,RUNNING,0
2026-01-08 05:00:00,MAITRI,-23.88,7.19,84.49,260.0,87.42,72.79,74.61,66.97,32.36,1501,RUNNING,0
2026-01-08 05:10:00,BHARATI,-19.76,10.97,69.6,365.22,81.95,71.42,75.37,74.19,54.67,1514,RUNNING,0
2026-01-08 05:20:00,MAITRI,-16.58,15.05,70.99,473.65,83.52,71.76,72.68,75.22,66.57,1515,RUNNING,0
2026-01-08 05:30:00,BHARATI,-27.29,12.78,44.69,391.03,84.07,70.81,73.17,69.52,56.55,1483,RUNNING,0
2026-01-08 05:40:00,MAITRI,-19.61,9.07,62.96,452.26,84.82,72.16,75.83,69.53,63.48,1490,RUNNING,0
2026-01-08 05:50:00,BHARATI,-25.19,13.12,55.25,313.44,69.22,74.1,72.57,69.45,44.75,1499,RUNNING,0
2026-01-08 06:00:00,MAITRI,-25.86,15.57,74.94,475.86,79.89,72.47,72.13,77.67,66.18,1501,RUNNING,0
2026-01-08 06:10:00,BHARATI,-20.58,1.75,77.85,381.14,71.61,73.75,75.56,74.5,50.58,1497,RUNNING,0
2026-01-08 06:20:00,MAITRI,-21.74,17.8,40.11,420.85,90.95,74.63,75.16,73.52,62.02,1505,RUNNING,0
2026-01-08 06:30:00,BHARATI,-32.88,10.32,64.74,413.5,81.57,71.55,74.24,76.15,56.66,1512,RUNNING,0
2026-01-08 06:40:00,MAITRI,-17.62,14.13,78.46,330.99,80.65,72.14,73.66,77.43,47.94,1521,RUNNING,0
2026-01-08 06:50:00,BHARATI,-18.1,17.99,62.76,339.28,88.28,75.67,73.18,75.06,50.11,1507,RUNNING,0
2026-01-08 07:00:00,MAITRI,-28.13,5.14,73.75,487.75,84.96,74.57,74.04,76.71,67.33,1490,RUNNING,0
2026-01-08 07:10:00,BHARATI,-23.02,8.45,69.21,447.93,74.1,69.88,75.59,79.91,59.17,1498,RUNNING,0
2026-01-08 07:20:00,MAITRI,-22.53,10.56,69.1,493.5,81.5,72.96,73.97,73.5,80.2,1499,RUNNING,0
2026-01-08 07:30:00,BHARATI,-23.7,8.08,61.74,442.73,79.65,72.36,76.28,75.17,61.14,1506,RUNNING,0
2026-01-08 07:40:00,MAITRI,-27.75,20.67,50.4,430.01,69.79,73.59,72.6,74.95,63.92,1505,RUNNING,0
2026-01-08 07:50:00,BHARATI,-28.36,7.72,51.54,299.18,77.17,71.22,73.65,67.53,50.5,1525,RUNNING,0
2026-01-08 08:00:00,MAITRI,-25.13,9.22,73.51,401.07,80.72,71.07,73.22,73.35,60.46,1494,RUNNING,0
2026-01-08 08:10:00,BHARATI,-19.14,13.02,65.23,418.08,81.2,71.3,72.36,67.15,58.52,1505,RUNNING,0
2026-01-08 08:20:00,MAITRI,-22.28,5.99,63.34,556.72,71.62,71.45,73.47,86.57,79.26,1528,RUNNING,0
2026-01-08 08:30:00,BHARATI,-26.85,10.02,59.91,468.09,90.06,73.51,74.15,72.95,63.54,1493,RUNNING,0
2026-01-08 08:40:00,MAITRI,-21.14,13.59,61.34,527.52,81.29,70.51,74.27,84.53,78.89,1502,RUNNING,0
2026-01-08 08:50:00,BHARATI,-39.24,10.34,77.56,461.83,82.26,71.33,76.24,76.7,68.24,1489,RUNNING,0
2026-01-08 09:00:00,MAITRI,-19.26,11.53,60.98,370.21,84.8,69.57,74.19,76.51,50.83,1501,RUNNING,0
2026-01-08 09:10:00,BHARATI,-33.7,9.35,48.91,428.2,76.48,73.75,75.0,73.75,57.0,1491,RUNNING,0
2026-01-08 09:20:00,MAITRI,-26.81,4.43,73.92,436.54,85.19,74.14,73.7,76.75,57.08,1513,RUNNING,0
2026-01-08 09:30:00,BHARATI,-30.6,13.61,62.54,354.26,79.43,71.73,75.62,76.46,54.55,1502,RUNNING,0
2026-01-08 09:40:00,MAITRI,-31.47,20.77,65.38,393.09,75.72,71.76,76.48,77.49,56.64,1489,RUNNING,0
2026-01-08 09:50:00,BHARATI,-19.2,12.09,84.29,405.6,86.01,72.88,74.24,78.24,58.8,1510,RUNNING,0
2026-01-08 10:00:00,MAITRI,-27.34,13.13,64.75,532.39,92.44,74.4,72.4,76.84,72.76,1502,RUNNING,0
2026-01-08 10:10:00,BHARATI,-23.27,15.46,68.47,274.35,87.07,72.78,72.93,69.94,33.34,1511,RUNNING,0
2026-01-08 10:20:00,MAITRI,-25.23,5.65,50.85,504.41,88.46,71.11,73.92,71.23,75.91,1486,RUNNING,0
2026-01-08 10:30:00,BHARATI,-22.61,20.51,62.36,354.42,78.36,69.72,74.12,75.95,50.8,1504,RUNNING,0
2026-01-08 10:40:00,MAITRI,-24.62,13.01,72.31,323.95,70.82,70.46,74.41,77.43,49.91,1509,RUNNING,0
2026-01-08 10:50:00,BHARATI,-31.41,20.16,46.34,502.6,92.43,72.23,74.11,84.03,70.26,1495,RUNNING,0
2026-01-08 11:00:00,MAITRI,-20.02,8.33,67.41,471.23,96.38,71.13,73.56,78.0,66.37,1485,RUNNING,0
2026-01-08 11:10:00,BHARATI,-27.47,21.09,66.21,507.82,92.8,72.39,72.79,74.63,75.4,1500,RUNNING,0
2026-01-08 11:20:00,MAITRI,-32.78,15.88,65.5,476.05,79.65,71.26,74.03,70.11,70.94,1515,RUNNING,0
2026-01-08 11:30:00,BHARATI,-27.14,14.77,77.45,564.19,73.92,70.49,75.76,83.27,83.79,1514,RUNNING,0
2026-01-08 11:40:00,MAITRI,-17.5,13.17,69.01,459.11,74.54,70.3,74.76,69.29,64.41,1495,RUNNING,0
2026-01-08 11:50:00,BHARATI,-20.75,10.76,82.74,409.05,70.21,74.4,74.17,73.86,60.89,1485,RUNNING,0
2026-01-08 12:00:00,MAITRI,-26.74,18.0,53.08,444.0,81.25,73.37,74.76,75.2,67.87,1495,RUNNING,0
2026-01-08 12:10:00,BHARATI,-26.75,12.7,66.63,507.04,93.24,74.62,73.07,77.4,72.02,1494,RUNNING,0
2026-01-08 12:20:00,MAITRI,-26.61,2.16,66.01,365.44,81.01,72.83,72.9,74.28,50.15,1505,RUNNING,0
2026-01-08 12:30:00,BHARATI,-14.62,6.41,52.17,374.37,84.12,71.36,72.6,74.91,58.85,1499,RUNNING,0
2026-01-08 12:40:00,MAITRI,-23.09,11.07,76.48,398.37,91.63,73.98,73.35,65.3,54.29,1491,RUNNING,0
2026-01-08 12:50:00,BHARATI,-22.85,13.55,92.9,272.68,79.17,71.93,72.98,71.88,41.47,1513,RUNNING,0
2026-01-08 13:00:00,MAITRI,-19.85,11.72,64.8,429.67,96.25,72.3,74.93,66.82,61.15,1502,RUNNING,0
2026-01-08 13:10:00,BHARATI,-23.81,18.09,71.06,287.97,95.94,71.89,72.91,75.13,33.77,1505,RUNNING,0
2026-01-08 13:20:00,MAITRI,-26.3,2.24,66.01,423.71,81.08,67.52,72.51,73.37,65.04,1479,RUNNING,0
2026-01-08 13:30:00,BHARATI,-25.98,12.72,56.44,480.57,77.96,74.34,75.8,68.39,57.62,1471,RUNNING,0
2026-01-08 13:40:00,MAITRI,-25.36,2.91,43.15,386.62,86.88,72.66,72.92,71.41,47.29,1483,RUNNING,0
2026-01-08 13:50:00,BHARATI,-25.19,15.8,56.53,537.4,79.57,72.4,73.64,76.15,78.88,1494,RUNNING,0
2026-01-08 14:00:00,MAITRI,-21.36,11.53,48.3,317.76,73.9,71.8,73.99,77.71,47.5,1507,RUNNING,0
2026-01-08 14:10:00,BHARATI,-24.74,14.1,85.45,503.39,90.97,72.13,72.08,78.37,69.36,1472,RUNNING,0
2026-01-08 14:20:00,MAITRI,-21.34,7.68,63.62,467.26,90.52,70.98,74.92,78.06,67.34,1519,RUNNING,0
2026-01-08 14:30:00,BHARATI,-25.4,18.4,60.85,299.88,83.09,72.78,74.19,77.22,32.71,1502,RUNNING,0
2026-01-08 14:40:00,MAITRI,-24.61,17.21,75.67,609.76,73.16,69.89,75.29,79.86,89.94,1516,RUNNING,0
2026-01-08 14:50:00,BHARATI,-34.99,14.92,51.54,415.54,73.39,72.12,72.6,78.41,60.36,1489,RUNNING,0
2026-01-08 15:00:00,MAITRI,-20.42,11.35,55.8,358.58,82.75,72.67,73.53,76.7,51.04,1506,RUNNING,0
2026-01-08 15:10:00,BHARATI,-23.27,14.9,65.82,321.5,78.5,71.51,73.45,67.89,46.01,1501,RUNNING,0
2026-01-08 15:20:00,MAITRI,-20.01,8.47,77.35,404.6,79.61,72.36,73.72,81.01,59.77,1510,RUNNING,0
2026-01-08 15:30:00,BHARATI,-39.48,16.28,71.02,411.08,89.15,70.3,71.65,69.6,58.61,1497,RUNNING,0
2026-01-08 15:40:00,MAITRI,-14.56,20.25,67.98,427.19,87.13,70.33,73.52,79.35,53.53,1506,RUNNING,0
2026-01-08 15:50:00,BHARATI,-25.7,17.35,65.94,399.15,91.65,72.12,71.67,68.91,65.81,1513,RUNNING,0
2026-01-08 16:00:00,MAITRI,-19.46,8.35,69.8,464.33,75.07,72.77,73.81,79.01,71.14,1492,RUNNING,0
2026-01-08 16:10:00,BHARATI,-30.2,13.81,67.42,392.87,79.6,68.93,70.82,82.27,50.98,1503,RUNNING,0
2026-01-08 16:20:00,MAITRI,-21.94,5.53,52.64,284.55,87.31,72.51,71.14,71.26,39.27,1477,RUNNING,0
2026-01-08 16:30:00,BHARATI,-30.27,14.86,65.55,409.54,85.14,70.9,74.34,74.21,57.56,1508,RUNNING,0
2026-01-08 16:40:00,MAITRI,-28.12,14.25,52.12,254.28,92.73,71.41,72.7,73.8,40.64,1523,RUNNING,0
2026-01-08 16:50:00,BHARATI,-15.43,2.65,65.97,444.76,84.94,69.68,72.16,74.8,54.9,1485,RUNNING,0
2026-01-08 17:00:00,MAITRI,-25.95,6.19,59.23,351.45,94.94,70.4,74.87,81.06,48.21,1499,RUNNING,0
2026-01-08 17:10:00,BHARATI,-23.91,10.58,95.0,431.44,85.78,73.12,73.73,76.55,54.59,1511,RUNNING,0
2026-01-08 17:20:00,MAITRI,-20.65,10.5,64.52,511.99,89.44,71.71,74.37,76.52,72.0,1500,RUNNING,0
2026-01-08 17:30:00,BHARATI,-22.52,5.95,48.15,353.59,79.74,71.07,73.12,71.68,48.62,1502,RUNNING,0
2026-01-08 17:40:00,MAITRI,-24.25,13.94,63.39,494.29,82.1,71.46,76.53,73.63,70.93,1495,RUNNING,0
2026-01-08 17:50:00,BHARATI,-23.18,13.26,71.23,389.66,88.38,72.35,72.58,72.23,53.25,1495,RUNNING,0
2026-01-08 18:00:00,MAITRI,-12.98,11.03,85.08,542.72,93.29,72.27,75.4,77.17,74.53,1499,RUNNING,0
2026-01-08 18:10:00,BHARATI,-25.29,8.22,57.93,394.44,87.1,71.48,73.22,72.91,58.83,1501,RUNNING,0
2026-01-08 18:20:00,MAITRI,-23.99,17.24,46.01,361.17,81.42,73.22,71.31,71.4,53.41,1486,RUNNING,0
2026-01-08 18:30:00,BHARATI,-19.75,20.28,74.8,468.11,91.64,73.03,73.87,85.1,69.08,1499,RUNNING,0
2026-01-08 18:40:00,MAITRI,-19.47,9.58,48.43,389.49,66.66,72.18,73.66,70.62,54.93,1519,RUNNING,0
2026-01-08 18:50:00,BHARATI,-19.06,8.94,59.77,361.1,72.04,71.63,72.01,74.61,49.3,1495,RUNNING,0
2026-01-08 19:00:00,MAITRI,-21.81,14.46,61.91,386.55,86.77,72.52,72.16,77.03,54.75,1485,RUNNING,0
2026-01-08 19:10:00,BHARATI,-30.72,10.21,64.16,416.88,82.1,72.0,73.23,77.94,61.56,1498,RUNNING,0
2026-01-08 19:20:00,MAITRI,-16.83,11.3,73.27,513.95,86.24,73.1,73.68,77.61,64.71,1491,RUNNING,0
2026-01-08 19:30:00,BHARATI,-30.73,15.7,56.8,284.61,82.45,72.85,70.29,71.15,42.24,1484,RUNNING,0
2026-01-08 19:40:00,MAITRI,-23.49,2.45,61.72,421.62,86.0,69.96,74.51,77.35,61.47,1502,RUNNING,0
2026-01-08 19:50:00,BHARATI,-28.77,18.59,64.83,463.74,76.3,69.85,72.64,77.66,66.5,1491,RUNNING,0
2026-01-08 20:00:00,MAITRI,-25.32,12.36,66.8,433.54,85.99,70.41,71.63,74.8,61.34,1493,RUNNING,0
2026-01-08 20:10:00,BHARATI,-23.36,9.94,66.17,511.69,88.96,72.92,74.36,71.54,62.83,1502,RUNNING,0
2026-01-08 20:20:00,MAITRI,-23.39,11.55,70.23,414.8,90.54,69.08,73.19,73.5,57.5,1482,RUNNING,0
2026-01-08 20:30:00,BHARATI,-22.89,11.81,75.13,407.08,96.09,72.02,74.67,70.59,65.31,1479,RUNNING,0
2026-01-08 20:40:00,MAITRI,-16.93,3.34,69.71,461.46,83.71,71.96,73.73,73.87,65.97,1508,RUNNING,0
2026-01-08 20:50:00,BHARATI,-22.73,19.47,70.44,426.95,83.92,73.15,73.2,75.81,59.76,1477,RUNNING,0
2026-01-08 21:00:00,MAITRI,-26.22,12.21,46.01,392.67,71.34,71.66,73.01,76.25,56.16,1488,RUNNING,0
2026-01-08 21:10:00,BHARATI,-20.18,14.22,65.6,456.13,78.28,69.37,73.77,83.53,66.58,1478,RUNNING,0
2026-01-08 21:20:00,MAITRI,-19.05,16.76,70.75,374.32,80.65,69.93,72.69,72.21,56.11,1494,RUNNING,0
2026-01-08 21:30:00,BHARATI,-31.14,6.89,73.75,377.22,89.35,69.58,72.15,77.53,52.97,1505,RUNNING,0
2026-01-08 21:40:00,MAITRI,-22.01,14.37,56.69,383.04,77.72,70.54,73.9,75.8,56.42,1501,RUNNING,0
2026-01-08 21:50:00,BHARATI,-21.49,10.66,57.09,514.71,87.57,71.06,72.99,83.05,80.24,1529,RUNNING,0
2026-01-08 22:00:00,MAITRI,-26.49,16.23,58.11,220.0,81.99,69.57,73.2,72.8,35.45,1513,RUNNING,0
2026-01-08 22:10:00,BHARATI,-18.12,1.36,71.44,447.69,80.76,73.51,74.46,72.16,73.32,1489,RUNNING,0
2026-01-08 22:20:00,MAITRI,-25.75,11.5,77.41,422.4,83.74,69.31,73.01,68.67,57.72,1486,RUNNING,0
2026-01-08 22:30:00,BHARATI,-24.37,8.99,60.11,302.34,79.26,73.3,73.16,73.8,49.9,1532,RUNNING,0
2026-01-08 22:40:00,MAITRI,-25.87,14.16,75.9,441.68,79.0,73.05,72.42,73.93,59.93,1513,RUNNING,0
2026-01-08 22:50:00,BHARATI,-24.92,14.35,66.48,453.3,70.07,72.61,73.65,72.41,66.17,1507,RUNNING,0
2026-01-08 23:00:00,MAITRI,-30.48,8.46,63.51,461.27,80.26,70.21,73.54,71.46,68.83,1501,RUNNING,0
2026-01-08 23:10:00,BHARATI,-32.2,8.44,62.46,234.37,78.64,71.75,74.2,71.5,31.44,1503,RUNNING,0
2026-01-08 23:20:00,MAITRI,-17.03,11.45,73.96,515.65,78.39,69.31,72.42,83.92,74.02,1482,RUNNING,0
2026-01-08 23:30:00,BHARATI,-29.23,7.52,68.91,368.36,84.92,72.58,72.56,72.57,56.26,1502,RUNNING,0
2026-01-08 23:40:00,MAITRI,-29.96,16.21,92.31,468.06,86.61,71.09,74.05,79.06,64.02,1501,RUNNING,0
2026-01-08 23:50:00,BHARATI,-35.77,10.15,54.77,471.88,83.63,70.57,73.4,76.39,74.09,1489,RUNNING,0
2026-01-09 00:00:00,MAITRI,-28.19,0.0,71.22,358.63,88.97,69.34,72.0,68.81,45.69,1494,RUNNING,0
2026-01-09 00:10:00,BHARATI,-31.62,10.13,58.65,466.23,86.03,67.45,74.65,79.6,74.36,1518,RUNNING,0
2026-01-09 00:20:00,MAITRI,-16.79,6.81,54.57,393.02,79.93,69.59,71.04,70.45,60.15,1498,RUNNING,0
2026-01-09 00:30:00,BHARATI,-19.95,3.84,64.87,275.0,78.76,72.81,74.01,71.96,38.93,1525,RUNNING,0
2026-01-09 00:40:00,MAITRI,-28.44,5.81,66.65,501.74,84.19,70.52,71.55,76.18,70.07,1479,RUNNING,0
2026-01-09 00:50:00,BHARATI,-13.74,12.55,95.0,365.75,86.02,70.86,75.32,77.72,50.22,1494,RUNNING,0
2026-01-09 01:00:00,MAITRI,-20.09,18.64,62.79,360.19,91.78,72.09,71.2,69.77,50.91,1481,RUNNING,0
2026-01-09 01:10:00,BHARATI,-26.62,13.57,51.44,391.79,90.34,73.8,74.43,76.36,55.78,1485,RUNNING,0
2026-01-09 01:20:00,MAITRI,-37.5,8.97,68.28,439.06,78.21,73.07,72.94,72.62,67.74,1490,RUNNING,0
2026-01-09 01:30:00,BHARATI,-13.55,14.28,40.1,415.99,81.29,69.61,72.59,73.36,67.3,1504,RUNNING,0
2026-01-09 01:40:00,MAITRI,-31.95,9.7,63.9,458.36,86.7,68.14,73.25,61.92,66.28,1503,RUNNING,0
2026-01-09 01:50:00,BHARATI,-33.23,8.53,65.19,326.24,89.48,74.58,73.78,81.52,43.22,1492,RUNNING,0
2026-01-09 02:00:00,MAITRI,-19.89,6.23,74.54,368.03,88.57,74.44,71.93,76.4,50.39,1473,RUNNING,0
2026-01-09 02:10:00,BHARATI,-12.8,3.24,76.68,411.88,81.55,71.3,72.03,72.23,58.11,1518,RUNNING,0
2026-01-09 02:20:00,MAITRI,-18.08,10.05,58.96,552.85,73.22,69.1,73.78,74.32,74.86,1497,RUNNING,0
2026-01-09 02:30:00,BHARATI,-22.18,12.79,63.19,412.03,75.01,72.44,70.95,73.32,54.15,1487,RUNNING,0
2026-01-09 02:40:00,MAITRI,-22.03,11.52,55.81,495.97,83.91,70.82,72.29,80.27,79.24,1503,RUNNING,0
2026-01-09 02:50:00,BHARATI,-20.73,9.92,51.46,422.7,84.4,70.8,76.63,68.0,61.6,1502,RUNNING,0
2026-01-09 03:00:00,MAITRI,-21.21,7.27,68.72,386.14,74.31,72.3,71.82,74.09,51.83,1496,RUNNING,0
2026-01-09 03:10:00,BHARATI,-23.59,15.04,49.72,402.73,82.31,71.45,74.35,82.15,60.8,1502,RUNNING,0
2026-01-09 03:20:00,MAITRI,-24.48,5.41,60.02,408.21,86.42,69.16,72.26,70.67,53.6,1486,RUNNING,0
2026-01-09 03:30:00,BHARATI,-25.31,15.88,53.06,462.26,73.94,70.44,73.57,76.88,61.65,1509,RUNNING,0
2026-01-09 03:40:00,MAITRI,-28.77,6.99,71.6,516.22,89.73,71.9,73.74,86.72,70.53,1488,RUNNING,0
2026-01-09 03:50:00,BHARATI,-26.4,8.24,86.62,445.18,79.36,71.67,74.3,78.66,70.21,1493,RUNNING,0
2026-01-09 04:00:00,MAITRI,-33.46,4.67,49.38,503.1,90.8,71.28,72.7,78.08,70.86,1508,RUNNING,0
2026-01-09 04:10:00,BHARATI,-25.49,9.49,42.76,352.46,78.27,72.28,75.32,75.84,40.59,1514,RUNNING,0
2026-01-09 04:20:00,MAITRI,-29.94,16.88,63.5,390.98,74.81,70.32,72.22,73.17,60.69,1519,RUNNING,0
2026-01-09 04:30:00,BHARATI,-30.52,14.58,65.19,369.3,78.79,71.12,73.21,79.43,51.53,1513,RUNNING,0
2026-01-09 04:40:00,MAITRI,-24.1,16.89,67.62,442.01,81.33,65.78,73.21,74.45,55.75,1496,RUNNING,0
2026-01-09 04:50:00,BHARATI,-18.04,14.61,59.64,394.87,79.28,70.15,71.57,67.04,55.14,1482,RUNNING,0
2026-01-09 05:00:00,MAITRI,-20.41,6.48,62.59,471.08,80.49,71.96,72.56,75.21,69.38,1517,RUNNING,0
2026-01-09 05:10:00,BHARATI,-32.85,10.35,69.41,354.83,84.34,70.22,73.1,70.0,52.31,1516,RUNNING,0
2026-01-09 05:20:00,MAITRI,-29.95,8.1,77.49,423.01,80.8,70.09,72.38,74.45,67.62,1492,RUNNING,0
2026-01-09 05:30:00,BHARATI,-20.3,18.65,41.54,468.08,81.54,69.22,75.82,75.67,63.46,1511,RUNNING,0
2026-01-09 05:40:00,MAITRI,-29.91,6.02,60.57,275.43,70.04,72.27,71.88,76.68,39.53,1496,RUNNING,0
2026-01-09 05:50:00,BHARATI,-26.12,16.47,67.57,568.51,84.74,71.58,74.29,81.99,78.42,1518,RUNNING,0
2026-01-09 06:00:00,MAITRI,-22.25,16.46,53.98,400.18,81.38,71.98,73.9,76.06,51.0,1494,RUNNING,0
2026-01-09 06:10:00,BHARATI,-29.84,21.15,85.77,278.25,93.27,68.14,72.85,71.94,43.29,1524,RUNNING,0
2026-01-09 06:20:00,MAITRI,-24.47,9.95,57.38,431.07,75.42,70.48,71.82,71.54,63.43,1509,RUNNING,0
2026-01-09 06:30:00,BHARATI,-31.67,15.56,64.5,422.34,69.34,70.29,71.93,66.83,61.47,1522,RUNNING,0
2026-01-09 06:40:00,MAITRI,-28.01,23.41,71.67,414.27,86.33,70.28,72.23,75.81,60.89,1494,RUNNING,0
2026-01-09 06:50:00,BHARATI,-23.4,8.91,57.9,489.38,84.43,69.76,70.7,80.41,67.17,1505,RUNNING,0
2026-01-09 07:00:00,MAITRI,-32.96,4.32,42.84,472.32,74.94,70.15,71.63,76.37,63.45,1488,RUNNING,0
2026-01-09 07:10:00,BHARATI,-22.8,2.6,59.86,440.85,71.29,71.93,71.05,73.88,63.13,1510,RUNNING,0
2026-01-09 07:20:00,MAITRI,-25.1,15.56,77.35,451.51,92.76,67.78,74.44,78.15,69.15,1511,RUNNING,0
2026-01-09 07:30:00,BHARATI,-22.24,2.58,60.96,412.69,91.9,73.3,73.56,74.98,65.39,1529,RUNNING,0
2026-01-09 07:40:00,MAITRI,-23.88,10.14,54.84,544.28,64.59,71.35,73.76,85.35,80.94,1506,RUNNING,0
2026-01-09 07:50:00,BHARATI,-18.18,14.19,76.11,316.46,78.79,70.55,73.51,77.84,45.32,1509,RUNNING,0
2026-01-09 08:00:00,MAITRI,-24.37,12.93,61.03,720.0,93.65,71.96,73.0,79.58,62.48,1494,RUNNING,1
2026-01-09 08:10:00,BHARATI,-27.15,14.13,58.88,760.0,78.67,68.41,74.55,78.64,60.7,1506,RUNNING,1
2026-01-09 08:20:00,MAITRI,-24.39,13.11,66.79,800.0,78.57,69.58,72.06,71.76,64.03,1495,RUNNING,1
2026-01-09 08:30:00,BHARATI,-22.28,18.39,74.25,360.93,80.02,70.38,72.91,76.68,51.66,1501,RUNNING,0
2026-01-09 08:40:00,MAITRI,-24.76,7.24,93.58,297.94,74.15,72.6,73.67,73.95,37.22,1502,RUNNING,0
2026-01-09 08:50:00,BHARATI,-24.8,8.62,74.93,430.98,70.07,70.47,71.18,78.2,61.07,1496,RUNNING,0
2026-01-09 09:00:00,MAITRI,-28.51,8.14,78.92,439.69,89.37,71.2,76.48,77.96,69.36,1501,RUNNING,0
2026-01-09 09:10:00,BHARATI,-28.31,16.15,58.93,524.27,69.1,69.63,72.79,79.92,78.19,1495,RUNNING,0
2026-01-09 09:20:00,MAITRI,-32.01,16.5,52.69,331.07,83.73,71.23,72.92,84.08,43.6,1495,RUNNING,0
2026-01-09 09:30:00,BHARATI,-16.25,14.26,65.75,500.83,88.21,73.01,74.25,77.22,71.26,1513,RUNNING,0
2026-01-09 09:40:00,MAITRI,-31.22,17.92,66.29,585.72,71.84,71.97,73.84,83.39,80.34,1502,RUNNING,0
2026-01-09 09:50:00,BHARATI,-28.46,6.11,52.06,393.56,75.53,70.35,72.78,72.95,55.97,1504,RUNNING,0
2026-01-09 10:00:00,MAITRI,-28.59,20.34,62.9,329.63,90.49,71.47,72.88,76.4,51.26,1483,RUNNING,0
2026-01-09 10:10:00,BHARATI,-20.53,19.62,69.79,391.51,85.73,71.31,70.92,78.55,58.54,1505,RUNNING,0
2026-01-09 10:20:00,MAITRI,-26.47,15.68,69.32,420.98,77.68,71.19,72.05,76.98,70.08,1506,RUNNING,0
2026-01-09 10:30:00,BHARATI,-18.76,20.91,71.05,459.47,90.42,72.09,73.33,83.16,70.41,1495,RUNNING,0
2026-01-09 10:40:00,MAITRI,-28.37,3.72,68.49,378.6,90.45,72.06,73.24,70.93,54.9,1525,RUNNING,0
2026-01-09 10:50:00,BHARATI,-23.61,9.38,58.92,528.86,83.88,70.21,74.16,76.27,78.26,1473,RUNNING,0
2026-01-09 11:00:00,MAITRI,-29.18,8.32,58.83,341.98,75.7,71.35,72.55,74.4,48.04,1509,RUNNING,0
2026-01-09 11:10:00,BHARATI,-14.27,15.61,50.61,298.26,79.11,69.8,71.02,75.98,38.1,1509,RUNNING,0
2026-01-09 11:20:00,MAITRI,-30.94,6.75,86.42,497.47,84.0,68.98,73.95,78.15,76.29,1506,RUNNING,0
2026-01-09 11:30:00,BHARATI,-23.45,15.79,65.16,260.78,80.68,69.94,74.4,76.66,41.29,1502,RUNNING,0
2026-01-09 11:40:00,MAITRI,-21.83,18.85,62.3,405.71,88.57,70.22,73.75,72.5,56.99,1507,RUNNING,0
2026-01-09 11:50:00,BHARATI,-22.93,15.48,53.85,638.24,71.29,67.83,72.47,76.39,92.27,1510,RUNNING,0
2026-01-09 12:00:00,MAITRI,-25.93,13.42,95.0,419.16,71.54,71.6,73.91,76.71,64.84,1491,RUNNING,0
2026-01-09 12:10:00,BHARATI,-25.65,7.06,52.12,341.55,83.27,66.15,76.76,73.23,52.18,1504,RUNNING,0
2026-01-09 12:20:00,MAITRI,-24.78,7.77,59.85,415.98,78.56,74.36,72.78,77.57,53.57,1498,RUNNING,0
2026-01-09 12:30:00,BHARATI,-25.74,18.25,69.99,416.44,77.61,72.53,71.06,75.3,60.47,1487,RUNNING,0
2026-01-09 12:40:00,MAITRI,-20.18,15.9,72.2,431.25,69.62,69.87,71.93,74.42,60.94,1509,RUNNING,0
2026-01-09 12:50:00,BHARATI,-13.95,11.8,76.5,466.36,82.14,70.27,73.38,76.36,71.07,1493,RUNNING,0
2026-01-09 13:00:00,MAITRI,-27.79,9.91,86.69,347.26,81.63,70.69,70.69,73.8,53.73,1482,RUNNING,0
2026-01-09 13:10:00,BHARATI,-31.85,1.87,71.07,538.13,86.57,69.34,72.82,77.23,82.15,1494,RUNNING,0
2026-01-09 13:20:00,MAITRI,-25.44,6.65,52.33,437.16,82.48,70.5,73.06,75.12,57.98,1490,RUNNING,0
2026-01-09 13:30:00,BHARATI,-12.1,21.56,61.92,470.88,81.07,69.99,74.44,75.16,64.13,1512,RUNNING,0
2026-01-09 13:40:00,MAITRI,-29.02,5.6,68.69,376.03,90.24,70.05,74.17,77.83,58.17,1502,RUNNING,0
2026-01-09 13:50:00,BHARATI,-16.8,12.95,89.82,510.05,72.81,70.45,73.63,78.53,70.5,1517,RUNNING,0
2026-01-09 14:00:00,MAITRI,-16.61,17.04,48.23,402.01,85.75,68.2,69.99,84.08,51.34,1492,RUNNING,0
2026-01-09 14:10:00,BHARATI,-27.77,5.73,79.43,439.43,70.3,70.22,73.68,76.63,64.91,1510,RUNNING,0
2026-01-09 14:20:00,MAITRI,-22.16,12.92,67.16,354.68,76.13,70.39,73.42,71.66,48.48,1534,RUNNING,0
2026-01-09 14:30:00,BHARATI,-16.86,16.69,75.05,350.21,73.51,70.33,72.87,84.44,57.19,1504,RUNNING,0
2026-01-09 14:40:00,MAITRI,-26.9,12.06,63.78,468.17,87.47,69.8,70.48,78.36,68.07,1510,RUNNING,0
2026-01-09 14:50:00,BHARATI,-26.02,26.34,54.89,388.95,81.54,71.81,71.62,78.68,56.2,1508,RUNNING,0
2026-01-09 15:00:00,MAITRI,-27.91,3.66,74.01,360.23,81.91,69.57,71.15,76.37,49.98,1483,RUNNING,0
2026-01-09 15:10:00,BHARATI,-30.07,17.29,72.85,374.98,74.25,70.42,70.12,76.87,59.93,1507,RUNNING,0
2026-01-09 15:20:00,MAITRI,-28.25,11.14,76.66,468.93,79.9,72.02,72.53,78.87,68.42,1504,RUNNING,0
2026-01-09 15:30:00,BHARATI,-31.12,15.86,64.84,375.97,76.66,69.94,71.57,69.99,52.08,1497,RUNNING,0
2026-01-09 15:40:00,MAITRI,-24.83,14.21,57.8,411.76,84.68,70.37,75.67,76.76,55.65,1489,RUNNING,0
2026-01-09 15:50:00,BHARATI,-28.85,8.33,46.29,421.05,75.06,69.89,72.32,70.23,59.86,1508,RUNNING,0
2026-01-09 16:00:00,MAITRI,-23.83,13.14,74.83,285.79,91.31,71.88,74.06,71.45,36.92,1488,RUNNING,0
2026-01-09 16:10:00,BHARATI,-32.78,2.71,70.09,317.02,70.27,69.63,70.62,70.02,49.4,1526,RUNNING,0
2026-01-09 16:20:00,MAITRI,-23.35,15.02,53.41,443.54,76.35,71.93,71.86,77.52,56.13,1501,RUNNING,0
2026-01-09 16:30:00,BHARATI,-20.83,13.49,58.54,368.41,93.74,69.83,72.61,75.55,52.07,1485,RUNNING,0
2026-01-09 16:40:00,MAITRI,-34.97,15.19,59.4,493.97,78.95,68.69,71.4,79.27,73.01,1494,RUNNING,0
2026-01-09 16:50:00,BHARATI,-23.13,17.29,47.2,487.68,72.8,70.98,71.98,78.34,71.04,1497,RUNNING,0
2026-01-09 17:00:00,MAITRI,-18.86,13.84,55.19,470.34,83.53,69.49,72.21,74.33,64.32,1529,RUNNING,0
2026-01-09 17:10:00,BHARATI,-31.05,12.74,51.39,547.38,78.67,70.87,72.19,77.64,80.84,1489,RUNNING,0
2026-01-09 17:20:00,MAITRI,-16.64,7.59,60.05,414.18,76.15,65.83,74.69,79.04,55.62,1499,RUNNING,0
2026-01-09 17:30:00,BHARATI,-22.9,8.44,56.14,465.42,74.33,69.92,72.91,80.91,66.4,1494,RUNNING,0
2026-01-09 17:40:00,MAITRI,-28.53,17.93,45.48,379.09,98.0,69.21,73.03,69.89,56.76,1506,RUNNING,0
2026-01-09 17:50:00,BHARATI,-25.28,19.18,89.27,591.67,80.24,68.3,73.09,73.67,86.38,1494,RUNNING,0
2026-01-09 18:00:00,MAITRI,-22.21,10.81,80.03,558.85,68.52,69.05,73.18,76.06,77.14,1486,RUNNING,0
2026-01-09 18:10:00,BHARATI,-24.62,12.23,55.65,420.83,92.46,69.01,72.33,79.7,64.91,1498,RUNNING,0
2026-01-09 18:20:00,MAITRI,-22.31,7.48,68.27,447.06,86.28,69.78,72.04,81.04,64.21,1496,RUNNING,0
2026-01-09 18:30:00,BHARATI,-29.6,17.86,70.01,515.15,76.63,67.79,72.62,74.18,76.56,1493,RUNNING,0
2026-01-09 18:40:00,MAITRI,-24.15,15.33,79.29,409.7,75.47,70.31,73.8,76.47,64.65,1494,RUNNING,0
2026-01-09 18:50:00,BHARATI,-32.07,21.71,55.18,374.04,86.71,71.87,73.76,81.69,57.9,1514,RUNNING,0
2026-01-09 19:00:00,MAITRI,-25.56,7.61,78.11,481.18,80.27,70.23,72.12,78.69,73.22,1496,RUNNING,0
2026-01-09 19:10:00,BHARATI,-29.52,10.11,58.43,425.49,68.52,71.01,73.32,81.32,61.56,1486,RUNNING,0
2026-01-09 19:20:00,MAITRI,-28.68,13.16,48.97,432.81,94.51,71.43,72.16,79.82,65.01,1494,RUNNING,0
2026-01-09 19:30:00,BHARATI,-18.82,15.23,73.69,361.6,78.96,71.63,72.43,70.4,52.51,1501,RUNNING,0
2026-01-09 19:40:00,MAITRI,-19.54,10.92,80.49,299.76,92.47,72.57,71.81,71.73,37.99,1484,RUNNING,0
2026-01-09 19:50:00,BHARATI,-21.95,7.64,95.0,436.53,90.95,69.0,72.16,76.05,63.57,1520,RUNNING,0
2026-01-09 20:00:00,MAITRI,-30.46,16.41,50.6,483.35,74.99,68.66,73.98,77.5,70.08,1510,RUNNING,0
2026-01-09 20:10:00,BHARATI,-26.58,15.61,73.39,404.19,89.23,70.9,72.47,78.77,60.08,1517,RUNNING,0
2026-01-09 20:20:00,MAITRI,-18.93,7.42,60.08,520.55,77.44,70.77,72.52,79.65,73.85,1505,RUNNING,0
2026-01-09 20:30:00,BHARATI,-24.29,18.78,74.4,370.73,68.93,70.86,70.61,62.52,49.92,1475,RUNNING,0
2026-01-09 20:40:00,MAITRI,-13.4,17.85,47.35,346.17,79.03,72.52,71.97,68.4,52.08,1518,RUNNING,0
2026-01-09 20:50:00,BHARATI,-23.03,12.67,49.85,415.29,84.78,69.69,72.05,66.63,54.07,1490,RUNNING,0
2026-01-09 21:00:00,MAITRI,-24.04,12.4,55.69,414.22,78.76,70.3,71.34,76.06,65.01,1491,RUNNING,0
2026-01-09 21:10:00,BHARATI,-26.55,14.77,65.95,473.9,79.85,68.18,72.35,77.81,66.77,1502,RUNNING,0
2026-01-09 21:20:00,MAITRI,-24.33,7.69,57.31,365.75,90.0,72.84,71.8,75.28,53.23,1517,RUNNING,0
2026-01-09 21:30:00,BHARATI,-25.76,12.15,72.91,515.77,82.75,69.12,72.41,74.06,75.92,1513,RUNNING,0
2026-01-09 21:40:00,MAITRI,-21.46,1.24,77.32,557.68,76.1,69.15,72.45,81.64,82.03,1511,RUNNING,0
2026-01-09 21:50:00,BHARATI,-20.22,16.38,72.19,417.26,86.91,69.08,71.16,78.3,53.97,1496,RUNNING,0
2026-01-09 22:00:00,MAITRI,-28.93,4.19,84.43,507.48,83.38,68.62,71.82,72.67,75.79,1496,RUNNING,0
2026-01-09 22:10:00,BHARATI,-31.66,19.52,69.99,346.05,64.35,68.49,72.38,67.79,50.65,1504,RUNNING,0
2026-01-09 22:20:00,MAITRI,-34.18,10.35,50.4,495.27,85.0,68.78,73.71,77.38,68.21,1498,RUNNING,0
2026-01-09 22:30:00,BHARATI,-22.46,10.94,81.36,493.31,84.74,67.51,72.59,84.5,67.47,1511,RUNNING,0
2026-01-09 22:40:00,MAITRI,-30.52,8.86,57.74,480.44,82.14,68.37,71.48,83.81,67.3,1510,RUNNING,0
2026-01-09 22:50:00,BHARATI,-35.76,10.56,75.93,418.91,88.24,72.46,72.74,77.73,54.65,1507,RUNNING,0
2026-01-09 23:00:00,MAITRI,-23.06,19.09,83.88,220.0,77.29,70.62,74.31,67.58,38.32,1470,RUNNING,0
2026-01-09 23:10:00,BHARATI,-12.54,0.0,70.48,375.08,84.36,70.9,73.35,77.92,59.53,1502,RUNNING,0
2026-01-09 23:20:00,MAITRI,-25.03,18.38,47.05,376.19,71.03,71.26,72.91,72.59,55.55,1499,RUNNING,0
2026-01-09 23:30:00,BHARATI,-20.81,13.69,53.98,351.52,84.85,72.24,73.11,70.72,49.32,1502,RUNNING,0
2026-01-09 23:40:00,MAITRI,-24.59,5.96,80.87,428.56,95.67,66.81,73.96,67.14,60.43,1491,RUNNING,0
2026-01-09 23:50:00,BHARATI,-25.49,6.62,62.97,390.67,75.04,67.62,73.52,75.18,58.84,1484,RUNNING,0
2026-01-10 00:00:00,MAITRI,-20.4,20.38,65.95,362.28,76.68,68.24,72.9,71.54,58.79,1506,RUNNING,0
2026-01-10 00:10:00,BHARATI,-26.45,7.27,74.11,345.88,77.03,68.73,73.5,74.03,47.13,1496,RUNNING,0
2026-01-10 00:20:00,MAITRI,-23.66,6.23,73.36,369.91,82.91,68.97,70.91,65.05,48.37,1507,RUNNING,0
2026-01-10 00:30:00,BHARATI,-23.39,17.69,68.35,498.5,74.56,68.74,70.4,78.14,77.41,1492,RUNNING,0
2026-01-10 00:40:00,MAITRI,-28.34,13.69,62.5,373.73,84.95,69.73,72.39,64.62,46.24,1517,RUNNING,0
2026-01-10 00:50:00,BHARATI,-20.04,7.31,61.25,383.95,87.93,69.44,72.28,78.95,50.82,1512,RUNNING,0
2026-01-10 01:00:00,MAITRI,-25.87,13.08,75.29,388.03,85.74,68.29,71.54,76.79,54.45,1504,RUNNING,0
2026-01-10 01:10:00,BHARATI,-28.78,6.87,71.64,443.73,69.62,66.1,73.17,74.98,57.15,1497,RUNNING,0
2026-01-10 01:20:00,MAITRI,-22.32,17.5,61.91,451.94,88.97,67.86,69.94,78.55,69.01,1510,RUNNING,0
2026-01-10 01:30:00,BHARATI,-29.49,17.31,77.99,220.0,88.56,68.52,71.53,66.59,34.86,1505,RUNNING,0
2026-01-10 01:40:00,MAITRI,-24.86,14.66,63.45,491.51,87.81,68.96,71.58,77.58,67.92,1503,RUNNING,0
2026-01-10 01:50:00,BHARATI,-25.05,13.81,54.78,520.55,84.61,67.62,70.19,81.19,79.48,1513,RUNNING,0
2026-01-10 02:00:00,MAITRI,-19.57,20.81,55.89,346.49,83.54,68.57,73.95,61.29,55.3,1517,RUNNING,0
2026-01-10 02:10:00,BHARATI,-22.63,12.0,53.26,351.94,89.23,67.6,70.51,72.01,49.82,1485,RUNNING,0
2026-01-10 02:20:00,MAITRI,-25.13,6.09,61.73,388.48,95.46,69.09,71.43,74.62,53.69,1487,RUNNING,0
2026-01-10 02:30:00,BHARATI,-20.91,14.25,79.8,367.08,75.33,67.66,73.22,73.39,61.48,1491,RUNNING,0
2026-01-10 02:40:00,MAITRI,-18.05,22.43,55.34,435.67,89.55,67.98,72.9,81.72,65.12,1482,RUNNING,0
2026-01-10 02:50:00,BHARATI,-22.21,6.93,67.26,283.74,81.4,67.28,70.79,67.6,41.56,1499,RUNNING,0
2026-01-10 03:00:00,MAITRI,-24.95,10.19,57.12,341.75,81.09,69.0,72.93,71.06,54.27,1507,RUNNING,0
2026-01-10 03:10:00,BHARATI,-31.56,14.08,61.88,527.74,71.24,67.92,72.46,70.53,76.6,1500,RUNNING,0
2026-01-10 03:20:00,MAITRI,-30.33,11.73,46.88,355.02,80.01,70.57,74.9,79.92,48.7,1494,RUNNING,0
2026-01-10 03:30:00,BHARATI,-26.53,7.09,62.35,507.04,75.02,69.8,72.58,76.69,72.75,1514,RUNNING,0
2026-01-10 03:40:00,MAITRI,-28.05,17.61,62.68,444.87,78.75,69.08,71.92,74.37,67.71,1502,RUNNING,0
2026-01-10 03:50:00,BHARATI,-25.93,23.6,71.48,293.35,74.31,67.98,71.06,72.12,33.94,1504,RUNNING,0
2026-01-10 04:00:00,MAITRI,-24.72,12.98,67.68,464.47,78.86,69.73,71.19,79.16,65.2,1514,RUNNING,0
2026-01-10 04:10:00,BHARATI,-22.35,7.48,50.62,411.76,79.16,70.18,71.08,76.68,64.36,1499,RUNNING,0
2026-01-10 04:20:00,MAITRI,-25.35,4.26,78.01,388.12,82.68,69.35,73.71,85.29,53.4,1525,RUNNING,0
2026-01-10 04:30:00,BHARATI,-22.57,13.29,67.52,437.15,70.7,71.53,72.08,77.74,68.63,1495,RUNNING,0
2026-01-10 04:40:00,MAITRI,-24.68,17.52,67.38,453.22,71.88,69.8,72.73,74.47,70.41,1524,RUNNING,0
2026-01-10 04:50:00,BHARATI,-34.88,14.38,64.89,469.53,84.53,70.47,73.87,74.49,66.81,1488,RUNNING,0
2026-01-10 05:00:00,MAITRI,-29.7,11.99,58.79,502.48,76.42,69.29,69.21,75.99,69.51,1506,RUNNING,0
2026-01-10 05:10:00,BHARATI,-25.72,9.05,67.61,448.57,89.52,70.09,73.57,70.21,62.93,1492,RUNNING,0
2026-01-10 05:20:00,MAITRI,-31.05,6.54,70.71,323.71,83.58,67.87,72.1,73.25,56.9,1513,RUNNING,0
2026-01-10 05:30:00,BHARATI,-22.0,16.17,44.04,386.84,86.25,68.36,72.55,77.8,62.76,1494,RUNNING,0
2026-01-10 05:40:00,MAITRI,-17.35,16.57,58.53,626.01,91.87,69.56,71.03,78.2,89.93,1503,RUNNING,0
2026-01-10 05:50:00,BHARATI,-18.91,4.27,61.94,470.71,79.83,69.54,71.11,73.54,64.81,1492,RUNNING,0
2026-01-10 06:00:00,MAITRI,-26.07,19.95,68.07,585.85,77.98,69.78,72.59,85.71,84.16,1511,RUNNING,0
2026-01-10 06:10:00,BHARATI,-17.55,14.87,79.32,517.68,88.1,70.65,74.86,72.24,74.93,1492,RUNNING,0
2026-01-10 06:20:00,MAITRI,-24.26,19.0,55.74,436.93,85.57,66.85,73.2,67.65,57.44,1520,RUNNING,0
2026-01-10 06:30:00,BHARATI,-26.69,5.29,59.02,441.1,80.69,67.52,73.51,71.42,63.33,1488,RUNNING,0
2026-01-10 06:40:00,MAITRI,-28.07,5.17,58.85,417.44,91.74,69.31,71.75,69.27,64.92,1484,RUNNING,0
2026-01-10 06:50:00,BHARATI,-26.51,11.26,55.38,298.35,80.51,67.87,71.26,74.0,35.42,1511,RUNNING,0
2026-01-10 07:00:00,MAITRI,-26.94,14.51,60.83,421.26,82.23,74.01,71.04,74.09,63.49,1493,RUNNING,0
2026-01-10 07:10:00,BHARATI,-24.15,20.98,74.25,504.75,82.15,69.71,71.38,76.74,77.61,1500,RUNNING,0
2026-01-10 07:20:00,MAITRI,-24.2,15.53,52.35,378.03,75.46,68.8,69.5,79.06,51.76,1496,RUNNING,0
2026-01-10 07:30:00,BHARATI,-24.98,10.79,70.13,448.84,82.54,68.13,71.08,73.46,70.9,1484,RUNNING,0
2026-01-10 07:40:00,MAITRI,-22.82,6.87,44.58,479.61,91.78,68.18,71.28,80.09,65.75,1499,RUNNING,0
2026-01-10 07:50:00,BHARATI,-19.05,18.15,58.26,356.32,85.11,68.93,71.73,79.95,52.67,1515,RUNNING,0
2026-01-10 08:00:00,MAITRI,-20.25,7.18,61.05,388.41,82.22,69.04,72.09,72.89,54.26,1512,RUNNING,0
2026-01-10 08:10:00,BHARATI,-32.42,20.14,85.1,348.75,80.87,68.17,72.36,76.67,48.59,1503,RUNNING,0
2026-01-10 08:20:00,MAITRI,-37.77,10.58,61.7,362.45,84.32,68.44,71.91,73.09,49.31,1513,RUNNING,0
2026-01-10 08:30:00,BHARATI,-20.33,19.95,38.59,329.87,87.25,70.85,71.22,76.94,49.92,1487,RUNNING,0
2026-01-10 08:40:00,MAITRI,-31.83,15.39,41.01,356.97,86.26,70.9,69.56,67.64,54.39,1496,RUNNING,0
2026-01-10 08:50:00,BHARATI,-26.12,11.32,65.41,519.36,79.68,69.19,71.22,71.4,73.94,1505,RUNNING,0
2026-01-10 09:00:00,MAITRI,-30.85,9.4,72.37,355.92,84.27,66.79,70.73,72.33,45.41,1498,RUNNING,0
2026-01-10 09:10:00,BHARATI,-34.01,10.3,69.51,428.85,85.36,69.6,72.45,72.17,62.88,1497,RUNNING,0
2026-01-10 09:20:00,MAITRI,-22.29,14.14,67.01,384.8,74.95,71.11,72.98,72.55,56.66,1486,RUNNING,0
2026-01-10 09:30:00,BHARATI,-21.2,12.39,78.95,502.52,83.18,70.82,73.01,76.68,70.92,1475,RUNNING,0
2026-01-10 09:40:00,MAITRI,-27.88,9.03,58.52,511.78,66.87,69.85,72.78,80.67,80.58,1510,RUNNING,0
2026-01-10 09:50:00,BHARATI,-37.96,11.17,75.74,480.48,85.38,70.87,71.71,75.38,62.38,1503,RUNNING,0
2026-01-10 10:00:00,MAITRI,-27.73,12.39,45.42,441.43,86.62,68.81,71.24,72.74,54.19,1511,RUNNING,0
2026-01-10 10:10:00,BHARATI,-23.04,1.36,54.14,403.83,87.23,69.66,70.96,73.69,54.77,1495,RUNNING,0
2026-01-10 10:20:00,MAITRI,-32.39,14.29,43.32,336.57,79.23,67.68,70.04,70.34,50.92,1491,RUNNING,0
2026-01-10 10:30:00,BHARATI,-24.08,7.1,61.7,556.05,84.16,69.13,73.04,75.17,75.21,1500,RUNNING,0
2026-01-10 10:40:00,MAITRI,-25.08,6.23,64.44,366.82,91.97,70.67,71.63,67.72,48.48,1510,RUNNING,0
2026-01-10 10:50:00,BHARATI,-22.1,3.56,66.37,466.46,91.9,67.78,70.34,76.94,70.44,1497,RUNNING,0
2026-01-10 11:00:00,MAITRI,-24.4,3.03,65.74,494.17,81.8,67.36,70.84,75.08,72.45,1510,RUNNING,0
2026-01-10 11:10:00,BHARATI,-29.87,5.22,53.87,381.13,82.98,68.79,70.78,78.39,55.96,1488,RUNNING,0
2026-01-10 11:20:00,MAITRI,-19.02,8.45,62.72,492.66,89.78,68.29,71.87,71.53,73.51,1498,RUNNING,0
2026-01-10 11:30:00,BHARATI,-25.79,21.77,47.03,473.49,71.49,69.59,73.09,74.67,65.94,1499,RUNNING,0
2026-01-10 11:40:00,MAITRI,-25.14,9.37,81.36,540.96,79.74,67.93,71.39,85.78,75.76,1515,RUNNING,0
2026-01-10 11:50:00,BHARATI,-29.67,12.89,61.36,387.15,91.35,71.17,69.09,70.92,58.55,1502,RUNNING,0
2026-01-10 12:00:00,MAITRI,-27.22,14.0,59.13,329.99,88.83,66.65,71.56,72.3,41.76,1521,RUNNING,0
2026-01-10 12:10:00,BHARATI,-29.42,12.66,84.07,384.62,84.58,70.45,71.6,69.75,46.37,1484,RUNNING,0
2026-01-10 12:20:00,MAITRI,-25.86,11.61,50.09,434.62,71.46,67.41,71.51,70.47,60.36,1502,RUNNING,0
2026-01-10 12:30:00,BHARATI,-16.44,6.02,51.49,424.07,81.65,65.85,71.02,81.79,64.31,1502,RUNNING,0
2026-01-10 12:40:00,MAITRI,-31.86,19.25,51.85,392.46,77.87,68.89,72.03,75.5,57.09,1507,RUNNING,0
2026-01-10 12:50:00,BHARATI,-33.07,21.04,64.19,286.36,84.32,68.14,71.84,72.69,44.34,1490,RUNNING,0
2026-01-10 13:00:00,MAITRI,-17.64,3.59,70.18,452.93,76.33,66.85,71.73,69.54,56.64,1520,RUNNING,0
2026-01-10 13:10:00,BHARATI,-26.05,6.88,73.88,558.06,74.82,65.98,72.25,80.39,80.99,1500,RUNNING,0
2026-01-10 13:20:00,MAITRI,-28.35,10.6,95.0,452.5,67.55,68.48,71.23,80.94,67.26,1487,RUNNING,0
2026-01-10 13:30:00,BHARATI,-19.8,7.18,38.01,462.64,90.55,69.94,71.15,81.16,60.69,1500,RUNNING,0
2026-01-10 13:40:00,MAITRI,-28.03,14.53,72.3,460.07,79.2,69.34,73.39,79.18,69.17,1496,RUNNING,0
2026-01-10 13:50:00,BHARATI,-15.87,8.36,58.31,447.79,83.1,68.54,72.4,71.68,63.52,1533,RUNNING,0
2026-01-10 14:00:00,MAITRI,-21.61,22.83,57.96,485.22,81.98,69.16,72.71,78.38,81.6,1513,RUNNING,0
2026-01-10 14:10:00,BHARATI,-27.44,17.95,57.56,447.68,74.53,68.39,73.19,78.86,55.24,1501,RUNNING,0
2026-01-10 14:20:00,MAITRI,-14.21,13.06,54.09,398.11,73.19,66.27,72.34,67.78,62.35,1499,RUNNING,0
2026-01-10 14:30:00,BHARATI,-28.03,17.13,85.21,364.28,74.96,66.27,72.82,69.62,50.46,1511,RUNNING,0
2026-01-10 14:40:00,MAITRI,-21.29,17.53,75.11,402.57,76.94,68.09,69.8,78.62,51.04,1512,RUNNING,0
2026-01-10 14:50:00,BHARATI,-23.5,9.18,65.28,441.99,84.57,68.14,71.93,79.55,61.03,1465,RUNNING,0
2026-01-10 15:00:00,MAITRI,-18.49,7.92,81.21,397.87,76.43,69.64,71.46,68.75,57.95,1508,RUNNING,0
2026-01-10 15:10:00,BHARATI,-17.19,12.39,46.85,442.0,94.23,69.49,73.69,79.23,67.29,1500,RUNNING,0
2026-01-10 15:20:00,MAITRI,-24.84,16.31,49.03,450.74,89.19,69.25,72.79,76.65,71.28,1484,RUNNING,0
2026-01-10 15:30:00,BHARATI,-28.77,12.7,38.86,478.32,87.66,67.91,70.91,80.08,74.02,1511,RUNNING,0
2026-01-10 15:40:00,MAITRI,-22.7,4.12,56.61,509.8,81.16,66.25,72.11,75.21,68.97,1527,RUNNING,0
2026-01-10 15:50:00,BHARATI,-28.39,7.99,66.94,425.46,92.6,68.93,71.86,78.22,65.3,1507,RUNNING,0
2026-01-10 16:00:00,MAITRI,-14.93,11.63,66.23,328.46,80.47,69.08,72.19,76.59,48.49,1513,RUNNING,0
2026-01-10 16:10:00,BHARATI,-24.32,11.62,66.79,395.84,81.78,64.7,70.42,73.49,53.93,1522,RUNNING,0
2026-01-10 16:20:00,MAITRI,-26.83,21.86,48.07,423.08,83.19,67.02,72.07,75.65,59.59,1490,RUNNING,0
2026-01-10 16:30:00,BHARATI,-24.08,5.07,74.64,291.5,86.91,67.22,71.36,69.69,38.8,1478,RUNNING,0
2026-01-10 16:40:00,MAITRI,-31.74,14.53,67.88,517.21,86.46,68.43,71.96,84.54,74.04,1508,RUNNING,0
2026-01-10 16:50:00,BHARATI,-29.86,19.45,73.8,429.97,78.67,67.03,70.75,75.27,58.51,1497,RUNNING,0
2026-01-10 17:00:00,MAITRI,-19.0,23.36,42.29,446.69,78.27,68.17,70.91,72.48,59.7,1484,RUNNING,0
2026-01-10 17:10:00,BHARATI,-28.28,9.98,68.74,515.59,86.48,67.9,73.01,75.03,75.57,1499,RUNNING,0
2026-01-10 17:20:00,MAITRI,-30.23,14.46,50.75,375.89,87.01,67.96,70.34,74.9,56.21,1509,RUNNING,0
2026-01-10 17:30:00,BHARATI,-22.32,14.85,60.23,460.18,79.25,67.11,70.42,79.52,64.99,1498,RUNNING,0
2026-01-10 17:40:00,MAITRI,-19.07,12.98,71.41,412.31,70.89,67.22,71.53,69.96,64.37,1491,RUNNING,0
2026-01-10 17:50:00,BHARATI,-21.41,11.51,66.09,407.11,80.55,66.54,70.66,82.57,57.12,1497,RUNNING,0
2026-01-10 18:00:00,MAITRI,-20.02,14.18,54.78,365.95,86.36,68.72,70.51,75.38,51.07,1500,RUNNING,0
2026-01-10 18:10:00,BHARATI,-28.78,0.0,65.08,536.59,94.64,69.0,71.7,80.28,79.3,1477,RUNNING,0
2026-01-10 18:20:00,MAITRI,-32.11,15.41,46.62,393.71,73.61,66.97,69.76,74.45,55.72,1498,RUNNING,0
2026-01-10 18:30:00,BHARATI,-17.49,12.63,78.8,468.96,79.01,70.4,70.35,76.8,67.33,1484,RUNNING,0
2026-01-10 18:40:00,MAITRI,-26.61,10.89,62.54,288.75,79.27,67.63,74.02,71.63,31.17,1508,RUNNING,0
2026-01-10 18:50:00,BHARATI,-26.25,22.23,78.42,502.6,91.49,70.39,72.1,81.64,71.87,1481,RUNNING,0
2026-01-10 19:00:00,MAITRI,-18.36,8.63,58.68,493.65,81.76,67.12,70.64,77.31,63.21,1512,RUNNING,0
2026-01-10 19:10:00,BHARATI,-22.22,9.98,58.72,426.82,75.65,65.03,72.04,78.74,56.09,1495,RUNNING,0
2026-01-10 19:20:00,MAITRI,-22.72,21.96,55.83,404.11,85.91,68.66,72.21,73.37,52.39,1493,RUNNING,0
2026-01-10 19:30:00,BHARATI,-14.17,7.84,75.51,448.0,79.17,68.42,72.72,76.98,59.83,1504,RUNNING,0
2026-01-10 19:40:00,MAITRI,-28.22,9.25,56.49,580.22,73.43,68.08,71.36,76.29,80.69,1490,RUNNING,0
2026-01-10 19:50:00,BHARATI,-20.36,11.26,72.74,296.57,75.75,67.06,72.68,77.28,40.42,1503,RUNNING,0
2026-01-10 20:00:00,MAITRI,-24.71,16.2,60.41,474.74,94.14,67.96,69.06,73.53,70.48,1491,RUNNING,0
2026-01-10 20:10:00,BHARATI,-23.66,13.04,41.29,356.19,84.69,67.23,70.23,72.6,51.77,1493,RUNNING,0
2026-01-10 20:20:00,MAITRI,-17.36,5.54,58.16,418.61,82.75,67.53,71.69,74.21,52.2,1505,RUNNING,0
2026-01-10 20:30:00,BHARATI,-22.46,9.34,50.85,402.65,80.25,69.23,71.88,73.65,57.85,1486,RUNNING,0
2026-01-10 20:40:00,MAITRI,-22.31,8.96,65.41,390.02,84.05,68.24,70.39,77.64,56.99,1485,RUNNING,0
2026-01-10 20:50:00,BHARATI,-19.64,11.61,50.72,419.27,83.96,68.86,71.79,74.22,58.58,1503,RUNNING,0
2026-01-10 21:00:00,MAITRI,-26.82,14.13,76.11,340.61,84.05,67.59,70.72,79.09,48.41,1500,RUNNING,0
2026-01-10 21:10:00,BHARATI,-29.2,14.09,63.91,492.04,82.8,67.41,71.13,74.03,71.05,1502,RUNNING,0
2026-01-10 21:20:00,MAITRI,-30.22,3.12,62.87,294.41,88.08,66.18,72.69,73.04,45.12,1504,RUNNING,0
2026-01-10 21:30:00,BHARATI,-34.83,17.32,72.87,457.78,82.16,67.34,72.54,73.34,59.1,1501,RUNNING,0
2026-01-10 21:40:00,MAITRI,-14.72,13.26,76.57,397.14,75.15,62.91,70.25,76.61,55.76,1507,RUNNING,0
2026-01-10 21:50:00,BHARATI,-30.52,18.92,64.76,338.04,77.71,66.99,70.17,73.39,54.32,1501,RUNNING,0
2026-01-10 22:00:00,MAITRI,-26.11,14.22,55.75,434.17,68.15,67.74,70.94,75.23,67.69,1476,RUNNING,0
2026-01-10 22:10:00,BHARATI,-26.38,17.51,43.71,311.01,96.19,68.7,71.39,77.53,47.83,1479,RUNNING,0
2026-01-10 22:20:00,MAITRI,-23.46,14.33,56.77,422.78,88.04,67.44,70.63,72.95,62.54,1523,RUNNING,0
2026-01-10 22:30:00,BHARATI,-20.92,18.73,57.59,320.4,76.19,68.35,72.66,75.36,52.39,1500,RUNNING,0
2026-01-10 22:40:00,MAITRI,-20.7,14.61,66.28,452.29,80.03,64.55,71.82,73.23,72.28,1511,RUNNING,0
2026-01-10 22:50:00,BHARATI,-27.92,11.51,60.86,355.29,77.54,67.72,71.89,74.33,50.24,1496,RUNNING,0
2026-01-10 23:00:00,MAITRI,-25.84,23.36,73.26,388.43,92.8,65.27,69.88,69.93,51.61,1499,RUNNING,0
2026-01-10 23:10:00,BHARATI,-23.59,16.45,57.64,440.58,72.06,65.97,72.79,73.36,61.86,1495,RUNNING,0
2026-01-10 23:20:00,MAITRI,-26.24,14.87,64.32,365.92,82.8,67.49,68.0,73.82,64.66,1530,RUNNING,0
2026-01-10 23:30:00,BHARATI,-16.96,5.62,79.21,415.94,81.24,69.67,72.38,82.66,53.14,1503,RUNNING,0
2026-01-10 23:40:00,MAITRI,-22.55,5.56,69.1,314.03,87.79,68.3,72.49,73.25,42.98,1494,RUNNING,0
2026-01-10 23:50:00,BHARATI,-21.33,13.46,64.28,464.16,81.27,67.76,70.85,83.22,60.66,1480,RUNNING,0
2026-01-11 00:00:00,MAITRI,-21.69,12.73,57.78,543.54,69.69,67.69,72.89,79.47,78.15,1524,RUNNING,0
2026-01-11 00:10:00,BHARATI,-19.13,8.93,57.4,615.45,80.24,66.64,71.28,78.84,83.11,1498,RUNNING,0
2026-01-11 00:20:00,MAITRI,-24.09,12.7,54.79,426.38,75.19,66.88,71.42,81.82,60.48,1509,RUNNING,0
2026-01-11 00:30:00,BHARATI,-31.48,19.94,58.51,475.17,82.56,68.33,71.75,78.63,60.08,1510,RUNNING,0
2026-01-11 00:40:00,MAITRI,-23.0,15.48,74.07,295.36,92.04,65.59,75.16,69.81,44.66,1494,RUNNING,0
2026-01-11 00:50:00,BHARATI,-28.26,6.29,62.34,525.19,69.82,68.55,72.94,80.01,79.92,1508,RUNNING,0
2026-01-11 01:00:00,MAITRI,-27.64,11.44,48.8,474.34,76.4,67.07,72.17,75.69,66.23,1493,RUNNING,0
2026-01-11 01:10:00,BHARATI,-22.07,7.98,86.22,386.12,78.13,68.87,70.22,66.7,54.62,1488,RUNNING,0
2026-01-11 01:20:00,MAITRI,-18.81,10.06,68.84,506.6,79.33,69.07,71.48,81.41,71.72,1514,RUNNING,0
2026-01-11 01:30:00,BHARATI,-24.89,9.93,48.12,402.19,87.18,65.1,70.33,79.43,58.18,1498,RUNNING,0
2026-01-11 01:40:00,MAITRI,-23.46,9.61,59.7,387.94,80.79,66.73,72.29,82.05,55.27,1506,RUNNING,0
2026-01-11 01:50:00,BHARATI,-16.49,5.72,66.33,453.27,84.91,66.3,71.46,78.02,67.83,1505,RUNNING,0
2026-01-11 02:00:00,MAITRI,-23.8,11.36,85.46,345.57,77.62,64.86,69.94,72.64,54.3,1508,RUNNING,0
2026-01-11 02:10:00,BHARATI,-11.99,9.2,51.7,491.51,83.61,66.02,71.38,80.63,66.96,1481,RUNNING,0
2026-01-11 02:20:00,MAITRI,-22.17,0.0,76.71,346.08,87.44,71.21,70.26,77.05,48.2,1493,RUNNING,0
2026-01-11 02:30:00,BHARATI,-33.8,22.26,81.79,346.5,76.87,68.45,71.45,80.22,53.11,1496,RUNNING,0
2026-01-11 02:40:00,MAITRI,-21.23,17.44,57.46,356.32,87.47,70.4,70.23,73.73,45.22,1490,RUNNING,0
2026-01-11 02:50:00,BHARATI,-23.09,10.12,61.67,473.17,82.37,68.76,71.29,76.17,59.71,1505,RUNNING,0
2026-01-11 03:00:00,MAITRI,-18.55,12.09,52.56,376.83,89.32,66.39,72.15,71.56,54.74,1514,RUNNING,0
2026-01-11 03:10:00,BHARATI,-21.63,6.14,62.56,325.64,80.59,66.92,71.18,75.29,48.51,1516,RUNNING,0
2026-01-11 03:20:00,MAITRI,-25.69,20.48,64.56,377.6,84.67,68.36,70.77,68.25,51.05,1496,RUNNING,0
2026-01-11 03:30:00,BHARATI,-31.12,21.49,72.92,417.76,81.72,68.12,71.48,78.55,57.36,1504,RUNNING,0
2026-01-11 03:40:00,MAITRI,-26.05,12.78,78.08,337.33,81.33,66.59,72.06,75.78,45.15,1505,RUNNING,0
2026-01-11 03:50:00,BHARATI,-29.25,17.12,56.02,339.38,83.81,65.18,69.89,75.82,45.02,1507,RUNNING,0
2026-01-11 04:00:00,MAITRI,-27.9,12.88,41.39,567.79,85.76,72.36,71.53,79.75,83.89,1489,RUNNING,0
2026-01-11 04:10:00,BHARATI,-22.06,5.32,64.75,359.76,73.25,67.21,72.79,80.13,46.67,1522,RUNNING,0
2026-01-11 04:20:00,MAITRI,-16.65,9.94,68.52,397.39,92.04,66.92,71.89,78.42,55.71,1511,RUNNING,0
2026-01-11 04:30:00,BHARATI,-23.03,12.66,67.99,394.29,68.98,67.57,71.27,72.43,52.71,1511,RUNNING,0
2026-01-11 04:40:00,MAITRI,-30.98,9.73,61.08,390.51,77.21,67.02,71.96,72.41,49.97,1514,RUNNING,0
2026-01-11 04:50:00,BHARATI,-22.78,10.91,66.5,463.49,81.34,67.56,71.73,73.07,69.69,1506,RUNNING,0
2026-01-11 05:00:00,MAITRI,-19.02,11.54,83.19,486.37,84.89,69.29,72.08,79.36,67.4,1488,RUNNING,0
2026-01-11 05:10:00,BHARATI,-28.05,11.6,69.58,398.58,93.03,67.16,68.75,70.96,57.69,1498,RUNNING,0
2026-01-11 05:20:00,MAITRI,-25.67,12.26,60.52,333.45,68.99,65.59,69.3,77.67,41.6,1480,RUNNING,0
2026-01-11 05:30:00,BHARATI,-24.93,6.7,59.0,509.21,78.45,67.08,72.37,83.02,69.78,1505,RUNNING,0
2026-01-11 05:40:00,MAITRI,-28.92,8.41,62.96,413.33,67.11,66.62,69.35,71.82,62.07,1498,RUNNING,0
2026-01-11 05:50:00,BHARATI,-21.76,5.58,84.64,541.12,82.22,69.44,71.63,77.79,87.65,1500,RUNNING,0
2026-01-11 06:00:00,MAITRI,-25.6,16.89,62.8,262.81,83.9,69.04,70.72,71.64,29.64,1514,STANDBY,0
2026-01-11 06:10:00,BHARATI,-22.9,1.47,64.76,433.68,93.14,67.44,69.94,79.38,61.15,1495,RUNNING,0
2026-01-11 06:20:00,MAITRI,-29.44,17.77,59.21,554.3,82.84,65.35,71.55,85.29,80.84,1497,RUNNING,0
2026-01-11 06:30:00,BHARATI,-27.19,18.93,78.19,395.27,89.31,65.41,71.37,68.14,54.0,1500,RUNNING,0
2026-01-11 06:40:00,MAITRI,-21.39,10.49,88.52,404.22,86.09,67.26,73.65,73.83,61.14,1478,RUNNING,0
2026-01-11 06:50:00,BHARATI,-26.86,0.0,70.41,440.69,78.95,67.73,70.36,74.95,59.49,1497,RUNNING,0
2026-01-11 07:00:00,MAITRI,-16.37,10.19,65.99,380.88,72.14,66.65,72.84,68.92,55.03,1470,RUNNING,0
2026-01-11 07:10:00,BHARATI,-27.0,11.68,65.44,398.15,83.93,66.48,71.52,73.01,54.79,1493,RUNNING,0
2026-01-11 07:20:00,MAITRI,-23.88,6.95,36.39,396.35,71.56,66.3,70.3,76.62,61.5,1510,RUNNING,0
2026-01-11 07:30:00,BHARATI,-20.34,9.42,73.94,376.08,91.07,67.14,72.05,73.29,51.02,1505,RUNNING,0
2026-01-11 07:40:00,MAITRI,-32.09,19.65,66.61,506.02,80.87,63.59,71.76,71.47,70.88,1493,RUNNING,0
2026-01-11 07:50:00,BHARATI,-33.8,15.32,70.14,452.28,90.37,65.5,71.12,87.8,68.39,1500,RUNNING,0
2026-01-11 08:00:00,MAITRI,-32.63,7.38,56.46,437.54,78.64,66.2,71.39,77.0,58.39,1487,RUNNING,0
2026-01-11 08:10:00,BHARATI,-18.69,4.01,60.39,476.6,83.88,68.94,70.35,77.36,68.36,1500,RUNNING,0
2026-01-11 08:20:00,MAITRI,-27.76,10.36,60.07,401.5,83.47,65.9,70.07,70.65,50.07,1535,RUNNING,0
2026-01-11 08:30:00,BHARATI,-12.21,10.93,77.26,365.81,81.68,67.38,71.97,75.19,47.91,1522,RUNNING,0
2026-01-11 08:40:00,MAITRI,-27.82,14.48,60.45,377.82,78.97,67.44,70.78,73.79,55.5,1501,RUNNING,0
2026-01-11 08:50:00,BHARATI,-24.08,9.32,89.99,420.12,84.75,69.03,70.95,67.95,56.06,1502,RUNNING,0
2026-01-11 09:00:00,MAITRI,-17.29,14.56,70.17,345.86,75.52,68.97,71.37,69.37,47.23,1488,RUNNING,0
2026-01-11 09:10:00,BHARATI,-14.97,21.68,49.69,384.98,73.53,66.97,71.35,77.8,56.97,1490,RUNNING,0
2026-01-11 09:20:00,MAITRI,-14.69,16.08,63.46,383.87,90.7,66.33,69.31,82.37,52.52,1504,RUNNING,0
2026-01-11 09:30:00,BHARATI,-18.96,11.76,57.18,568.72,87.09,66.04,72.56,80.69,84.54,1494,RUNNING,0
2026-01-11 09:40:00,MAITRI,-19.88,11.08,38.67,225.83,82.46,66.66,71.16,75.06,33.12,1511,RUNNING,0
2026-01-11 09:50:00,BHARATI,-22.04,10.22,84.19,407.43,93.66,66.36,70.76,74.56,59.95,1519,RUNNING,0
2026-01-11 10:00:00,MAITRI,-21.11,17.9,73.44,540.8,80.13,67.83,71.52,78.17,82.22,1504,RUNNING,0
2026-01-11 10:10:00,BHARATI,-27.76,8.86,71.4,428.53,91.26,67.62,71.28,80.08,62.5,1501,RUNNING,0
2026-01-11 10:20:00,MAITRI,-29.09,12.23,66.98,472.74,83.23,67.86,71.91,83.47,73.69,1480,RUNNING,0
2026-01-11 10:30:00,BHARATI,-25.02,12.26,48.42,426.99,74.83,68.85,71.63,80.88,64.64,1509,RUNNING,0
2026-01-11 10:40:00,MAITRI,-25.85,9.49,59.2,373.29,94.94,69.75,71.84,70.07,51.23,1486,RUNNING,0
2026-01-11 10:50:00,BHARATI,-27.27,5.14,75.1,263.07,88.93,67.13,72.59,71.31,42.75,1495,RUNNING,0
2026-01-11 11:00:00,MAITRI,-21.52,13.61,52.39,434.38,81.15,68.58,72.02,76.97,63.11,1512,RUNNING,0
2026-01-11 11:10:00,BHARATI,-20.22,11.69,34.62,365.71,87.09,66.39,70.77,73.1,50.67,1512,RUNNING,0
2026-01-11 11:20:00,MAITRI,-24.56,14.5,62.27,363.98,79.17,68.68,69.6,75.65,53.11,1494,RUNNING,0
2026-01-11 11:30:00,BHARATI,-17.61,9.33,63.3,385.07,87.8,68.48,72.95,77.91,59.46,1495,RUNNING,0
2026-01-11 11:40:00,MAITRI,-30.71,18.1,66.63,542.14,65.26,68.39,70.65,82.56,79.27,1492,RUNNING,0
2026-01-11 11:50:00,BHARATI,-25.97,7.62,73.74,588.34,74.86,67.01,70.37,86.45,91.34,1486,RUNNING,0
2026-01-11 12:00:00,MAITRI,-28.58,20.56,72.65,435.2,88.85,65.85,68.84,74.56,66.52,1492,RUNNING,0
2026-01-11 12:10:00,BHARATI,-34.33,3.26,68.11,387.47,80.25,64.75,71.33,69.23,57.44,1481,RUNNING,0
2026-01-11 12:20:00,MAITRI,-25.41,14.17,79.35,337.59,83.45,66.77,71.09,74.87,44.12,1508,RUNNING,0
2026-01-11 12:30:00,BHARATI,-25.61,14.38,46.77,452.8,72.57,69.12,69.09,83.86,63.97,1505,RUNNING,0
2026-01-11 12:40:00,MAITRI,-17.43,8.02,71.05,544.8,94.94,66.34,71.45,76.71,78.12,1507,RUNNING,0
2026-01-11 12:50:00,BHARATI,-21.85,14.12,72.52,402.69,90.33,67.97,70.3,77.81,60.31,1489,RUNNING,0
2026-01-11 13:00:00,MAITRI,-30.12,18.4,50.13,253.47,80.6,68.05,74.12,74.12,38.76,1486,RUNNING,0
2026-01-11 13:10:00,BHARATI,-15.73,0.92,46.97,466.9,79.17,66.35,70.2,77.44,67.38,1501,RUNNING,0
2026-01-11 13:20:00,MAITRI,-18.89,14.51,56.05,488.98,89.21,68.73,70.36,77.25,70.34,1501,RUNNING,0
2026-01-11 13:30:00,BHARATI,-22.09,0.0,57.06,308.99,95.88,62.39,69.82,69.03,47.02,1498,RUNNING,0
2026-01-11 13:40:00,MAITRI,-26.13,7.17,74.04,432.35,88.68,64.9,72.4,66.68,58.33,1497,RUNNING,0
2026-01-11 13:50:00,BHARATI,-29.8,20.15,57.63,451.59,97.2,65.35,70.41,71.84,71.29,1521,RUNNING,0
2026-01-11 14:00:00,MAITRI,-26.86,9.09,54.72,414.88,75.54,65.48,69.99,73.81,51.08,1505,RUNNING,0
2026-01-11 14:10:00,BHARATI,-19.56,6.13,57.66,364.65,76.26,67.2,71.7,78.51,57.91,1524,RUNNING,0
2026-01-11 14:20:00,MAITRI,-15.58,11.01,78.42,491.12,73.68,67.12,69.19,76.87,69.98,1515,RUNNING,0
2026-01-11 14:30:00,BHARATI,-17.28,22.34,65.16,391.76,85.09,67.27,71.59,72.72,59.98,1520,RUNNING,0
2026-01-11 14:40:00,MAITRI,-27.44,2.84,62.85,316.04,83.23,67.56,72.97,69.34,46.6,1487,RUNNING,0
2026-01-11 14:50:00,BHARATI,-30.6,6.74,63.68,276.54,80.94,65.23,71.51,74.54,40.89,1507,RUNNING,0
2026-01-11 15:00:00,MAITRI,-24.3,19.49,80.5,508.26,87.66,64.81,71.59,83.14,74.83,1495,RUNNING,0
2026-01-11 15:10:00,BHARATI,-33.84,21.29,56.01,463.17,90.63,67.22,71.86,80.83,69.4,1480,RUNNING,0
2026-01-11 15:20:00,MAITRI,-23.38,11.48,80.79,426.16,71.32,65.67,72.86,78.08,59.56,1518,RUNNING,0
2026-01-11 15:30:00,BHARATI,-25.74,5.8,67.53,389.18,77.82,64.25,72.25,68.83,59.74,1496,RUNNING,0
2026-01-11 15:40:00,MAITRI,-27.33,22.48,63.07,382.97,87.74,68.05,71.32,73.17,50.37,1487,RUNNING,0
2026-01-11 15:50:00,BHARATI,-32.97,19.97,95.0,344.7,78.73,68.67,71.87,81.41,49.22,1495,RUNNING,0
2026-01-11 16:00:00,MAITRI,-22.43,15.39,52.33,389.8,76.41,68.9,69.72,79.23,59.03,1490,RUNNING,0
2026-01-11 16:10:00,BHARATI,-27.66,7.94,60.76,271.59,89.13,66.84,71.71,65.64,42.78,1492,RUNNING,0
2026-01-11 16:20:00,MAITRI,-30.85,11.75,50.21,368.48,72.97,67.48,69.57,73.99,54.48,1497,RUNNING,0
2026-01-11 16:30:00,BHARATI,-39.36,11.2,76.43,398.23,79.89,68.59,70.33,76.41,55.32,1521,RUNNING,0
2026-01-11 16:40:00,MAITRI,-25.14,13.65,85.27,462.69,84.3,65.56,67.06,73.52,69.69,1492,RUNNING,0
2026-01-11 16:50:00,BHARATI,-16.14,19.26,85.04,417.21,77.98,68.17,71.24,66.19,56.92,1520,RUNNING,0
2026-01-11 17:00:00,MAITRI,-16.69,16.4,79.69,475.64,87.48,66.91,69.98,77.29,74.95,1510,RUNNING,0
2026-01-11 17:10:00,BHARATI,-27.29,6.61,62.63,514.44,78.02,67.85,72.08,74.71,73.15,1505,RUNNING,0
2026-01-11 17:20:00,MAITRI,-28.01,18.88,60.62,494.07,91.86,66.75,71.2,74.22,64.42,1509,RUNNING,0
2026-01-11 17:30:00,BHARATI,-22.66,13.57,44.95,452.94,81.12,68.4,72.08,74.9,59.93,1500,RUNNING,0
2026-01-11 17:40:00,MAITRI,-29.99,15.44,89.43,420.83,86.7,66.78,69.42,74.99,60.29,1515,RUNNING,0
2026-01-11 17:50:00,BHARATI,-23.49,19.33,70.63,351.34,87.22,64.21,71.96,73.75,50.75,1507,RUNNING,0
2026-01-11 18:00:00,MAITRI,-21.17,6.44,59.1,471.8,77.61,68.6,73.24,73.26,75.28,1480,RUNNING,0
2026-01-11 18:10:00,BHARATI,-18.87,11.82,80.94,537.58,67.63,64.99,71.62,77.56,72.64,1504,RUNNING,0
2026-01-11 18:20:00,MAITRI,-25.5,9.34,53.33,443.95,84.53,68.28,71.65,69.07,63.58,1509,RUNNING,0
2026-01-11 18:30:00,BHARATI,-26.02,4.16,69.88,554.21,82.51,66.25,70.9,80.1,74.93,1497,RUNNING,0
2026-01-11 18:40:00,MAITRI,-29.39,13.73,62.93,313.21,85.89,68.14,70.06,61.41,42.77,1502,RUNNING,0
2026-01-11 18:50:00,BHARATI,-29.13,24.56,72.66,339.21,80.41,68.07,71.6,72.32,55.19,1493,RUNNING,0
2026-01-11 19:00:00,MAITRI,-26.13,2.8,64.24,479.86,78.99,67.0,68.87,80.67,64.01,1483,RUNNING,0
2026-01-11 19:10:00,BHARATI,-23.16,11.84,47.59,438.5,96.06,67.1,70.17,71.73,64.99,1481,RUNNING,0
2026-01-11 19:20:00,MAITRI,-20.43,15.2,65.91,511.96,71.69,66.96,68.54,80.66,74.71,1482,RUNNING,0
2026-01-11 19:30:00,BHARATI,-29.02,12.62,77.59,418.92,87.14,63.3,69.81,80.1,59.75,1508,RUNNING,0
2026-01-11 19:40:00,MAITRI,-17.54,11.43,64.65,359.24,77.98,66.48,71.42,60.75,53.4,1470,RUNNING,0
2026-01-11 19:50:00,BHARATI,-26.36,5.5,74.3,405.05,79.65,64.62,71.25,74.52,53.22,1492,RUNNING,0
2026-01-11 20:00:00,MAITRI,-25.11,13.16,52.45,312.71,79.78,66.54,70.7,61.31,51.3,1491,RUNNING,0
2026-01-11 20:10:00,BHARATI,-28.74,8.22,64.68,341.0,76.38,64.55,70.84,73.05,56.41,1497,RUNNING,0
2026-01-11 20:20:00,MAITRI,-37.12,1.05,57.51,488.07,86.0,64.48,68.36,77.17,69.91,1478,RUNNING,0
2026-01-11 20:30:00,BHARATI,-20.58,17.97,73.96,481.1,91.73,68.65,70.17,67.1,78.42,1505,RUNNING,0
2026-01-11 20:40:00,MAITRI,-21.32,16.79,65.38,445.41,85.29,67.84,69.8,83.83,62.03,1485,RUNNING,0
2026-01-11 20:50:00,BHARATI,-26.41,12.26,73.28,299.52,82.72,66.21,69.82,73.63,44.39,1514,RUNNING,0
2026-01-11 21:00:00,MAITRI,-24.67,13.15,78.05,394.91,75.09,66.49,71.32,71.48,62.14,1493,RUNNING,0
2026-01-11 21:10:00,BHARATI,-22.42,17.37,73.3,334.25,85.62,65.82,69.57,79.22,45.91,1499,RUNNING,0
2026-01-11 21:20:00,MAITRI,-32.81,13.12,68.28,502.36,97.09,67.04,69.87,70.38,66.24,1500,RUNNING,0
2026-01-11 21:30:00,BHARATI,-27.65,16.52,53.02,379.14,79.34,65.16,68.08,69.56,47.72,1503,RUNNING,0
2026-01-11 21:40:00,MAITRI,-21.03,10.51,64.97,344.0,79.37,67.65,70.23,64.4,57.39,1500,RUNNING,0
2026-01-11 21:50:00,BHARATI,-31.27,18.56,58.6,422.09,78.07,65.77,69.27,82.76,58.18,1495,RUNNING,0
2026-01-11 22:00:00,MAITRI,-23.53,13.6,60.87,375.19,78.57,65.51,70.66,75.71,52.86,1504,RUNNING,0
2026-01-11 22:10:00,BHARATI,-31.78,12.97,60.51,523.86,62.78,66.16,69.42,80.73,70.39,1506,RUNNING,0
2026-01-11 22:20:00,MAITRI,-22.67,5.65,53.24,368.56,84.84,65.23,70.68,75.42,56.45,1491,RUNNING,0
2026-01-11 22:30:00,BHARATI,-25.18,13.43,41.51,322.05,76.08,66.59,70.38,75.35,42.88,1505,RUNNING,0
2026-01-11 22:40:00,MAITRI,-33.08,7.84,56.98,269.3,70.73,65.28,72.55,72.04,36.51,1514,RUNNING,0
2026-01-11 22:50:00,BHARATI,-19.18,8.81,67.32,417.84,87.27,66.78,71.13,76.53,60.89,1508,RUNNING,0
2026-01-11 23:00:00,MAITRI,-28.67,7.92,48.82,380.66,74.43,67.89,68.32,74.95,50.12,1511,RUNNING,0
2026-01-11 23:10:00,BHARATI,-29.05,6.67,65.19,319.98,79.63,64.97,69.01,70.57,45.0,1502,RUNNING,0
2026-01-11 23:20:00,MAITRI,-24.0,22.62,87.8,503.25,92.27,65.84,70.59,77.39,77.5,1489,RUNNING,0
2026-01-11 23:30:00,BHARATI,-19.26,18.66,77.28,466.71,72.14,66.72,69.4,77.76,68.39,1490,RUNNING,0
2026-01-11 23:40:00,MAITRI,-30.08,21.6,84.72,418.02,71.27,65.36,66.95,75.89,60.24,1504,RUNNING,0
2026-01-11 23:50:00,BHARATI,-24.69,5.89,69.69,515.5,83.89,66.7,72.12,71.98,74.5,1511,RUNNING,0
2026-01-12 00:00:00,MAITRI,-22.86,12.36,79.01,466.38,90.05,66.83,71.36,71.28,65.07,1533,RUNNING,0
2026-01-12 00:10:00,BHARATI,-21.53,5.53,56.31,362.4,70.98,67.6,71.12,78.39,59.76,1512,RUNNING,0
2026-01-12 00:20:00,MAITRI,-24.12,8.52,57.27,347.25,84.85,65.06,69.76,72.45,46.36,1486,RUNNING,0
2026-01-12 00:30:00,BHARATI,-26.84,7.41,32.13,477.26,86.07,64.54,70.99,79.27,69.02,1491,RUNNING,0
2026-01-12 00:40:00,MAITRI,-29.14,18.2,79.23,447.75,67.59,65.48,69.63,71.83,64.42,1527,RUNNING,0
2026-01-12 00:50:00,BHARATI,-24.57,10.02,83.48,431.88,87.59,64.48,70.71,69.9,65.73,1497,RUNNING,0
2026-01-12 01:00:00,MAITRI,-30.36,17.34,58.36,360.75,88.14,66.77,69.36,70.64,55.95,1501,RUNNING,0
2026-01-12 01:10:00,BHARATI,-39.61,15.02,61.95,462.56,79.82,64.17,72.27,75.67,65.95,1488,RUNNING,0
2026-01-12 01:20:00,MAITRI,-22.82,23.52,55.95,367.12,90.77,69.4,68.56,71.52,53.61,1519,RUNNING,0
2026-01-12 01:30:00,BHARATI,-20.48,4.6,69.59,412.86,89.96,67.83,71.92,80.5,60.29,1506,RUNNING,0
2026-01-12 01:40:00,MAITRI,-36.81,18.3,78.5,521.29,82.72,65.89,70.48,78.75,65.38,1491,RUNNING,0
2026-01-12 01:50:00,BHARATI,-30.05,17.73,44.09,373.74,78.84,67.16,69.84,81.74,47.04,1488,RUNNING,0
2026-01-12 02:00:00,MAITRI,-21.9,7.13,69.91,309.89,75.19,63.39,70.62,74.36,41.85,1504,RUNNING,0
2026-01-12 02:10:00,BHARATI,-14.71,17.04,61.68,346.32,81.74,69.62,71.3,64.01,47.23,1501,RUNNING,0
2026-01-12 02:20:00,MAITRI,-24.9,13.68,66.36,489.6,85.99,64.94,72.05,81.46,65.15,1510,RUNNING,0
2026-01-12 02:30:00,BHARATI,-28.64,10.86,70.51,437.83,79.73,65.63,70.78,69.91,65.55,1507,RUNNING,0
2026-01-12 02:40:00,MAITRI,-25.91,7.88,62.74,410.98,66.62,63.02,69.33,76.2,58.72,1497,RUNNING,0
2026-01-12 02:50:00,BHARATI,-18.13,8.4,63.76,384.36,90.88,66.52,70.46,71.51,54.05,1493,RUNNING,0
2026-01-12 03:00:00,MAITRI,-28.23,22.25,62.43,453.98,83.33,64.12,72.57,84.92,59.83,1498,RUNNING,0
2026-01-12 03:10:00,BHARATI,-29.0,12.0,76.64,360.56,79.34,65.92,72.0,79.77,51.33,1493,RUNNING,0
2026-01-12 03:20:00,MAITRI,-27.41,15.91,70.03,441.4,88.0,64.94,71.47,73.07,52.55,1498,RUNNING,0
2026-01-12 03:30:00,BHARATI,-29.77,8.05,67.65,368.81,92.67,64.12,71.32,73.71,52.04,1500,RUNNING,0
2026-01-12 03:40:00,MAITRI,-24.39,8.1,49.75,357.16,62.39,64.52,71.2,74.91,51.28,1489,RUNNING,0
2026-01-12 03:50:00,BHARATI,-16.88,17.41,60.46,375.38,85.04,66.05,71.75,77.84,54.59,1508,RUNNING,0
2026-01-12 04:00:00,MAITRI,-23.38,5.25,75.78,393.72,72.01,63.78,69.8,74.96,49.99,1496,RUNNING,0
2026-01-12 04:10:00,BHARATI,-26.26,9.92,65.45,416.58,85.49,64.57,68.72,71.31,60.41,1490,RUNNING,0
2026-01-12 04:20:00,MAITRI,-26.46,12.17,72.91,436.48,82.9,66.67,70.42,73.04,58.19,1496,RUNNING,0
2026-01-12 04:30:00,BHARATI,-32.82,12.56,86.2,220.0,86.45,69.57,69.35,70.48,28.18,1503,STANDBY,0
2026-01-12 04:40:00,MAITRI,-20.58,11.1,77.46,363.46,78.51,66.37,69.06,79.02,54.8,1501,RUNNING,0
2026-01-12 04:50:00,BHARATI,-25.39,13.98,66.12,392.59,68.89,64.27,69.46,76.53,64.14,1505,RUNNING,0
2026-01-12 05:00:00,MAITRI,-25.9,15.46,58.87,525.35,78.85,65.08,73.3,75.04,75.26,1511,RUNNING,0
2026-01-12 05:10:00,BHARATI,-9.03,15.67,34.36,344.4,84.85,65.67,70.47,76.2,45.93,1516,RUNNING,0
2026-01-12 05:20:00,MAITRI,-23.51,7.07,62.98,431.4,89.11,65.08,70.74,74.24,62.38,1503,RUNNING,0
2026-01-12 05:30:00,BHARATI,-28.76,10.58,61.09,524.65,73.8,66.95,68.83,81.68,78.71,1487,RUNNING,0
2026-01-12 05:40:00,MAITRI,-27.13,17.97,69.68,328.09,89.19,65.91,68.08,83.31,49.35,1497,RUNNING,0
2026-01-12 05:50:00,BHARATI,-19.26,16.47,63.15,447.58,77.46,66.93,69.3,74.75,74.91,1488,RUNNING,0
2026-01-12 06:00:00,MAITRI,-24.43,5.14,61.16,363.84,84.54,65.09,72.01,77.3,49.12,1520,RUNNING,0
2026-01-12 06:10:00,BHARATI,-32.19,13.76,43.65,384.68,78.43,67.54,70.68,71.64,55.96,1524,RUNNING,0
2026-01-12 06:20:00,MAITRI,-20.4,2.11,53.72,363.78,83.28,65.29,70.99,73.65,58.16,1508,RUNNING,0
2026-01-12 06:30:00,BHARATI,-28.34,12.23,70.72,368.77,88.24,64.07,71.15,74.34,58.63,1510,RUNNING,0
2026-01-12 06:40:00,MAITRI,-15.63,21.49,85.59,610.53,73.41,68.78,69.55,79.49,79.42,1503,RUNNING,0
2026-01-12 06:50:00,BHARATI,-19.6,7.26,63.83,479.11,77.24,62.76,71.92,86.83,68.43,1504,RUNNING,0
2026-01-12 07:00:00,MAITRI,-27.24,7.83,68.93,497.12,83.29,64.38,69.48,76.2,76.96,1481,RUNNING,0
2026-01-12 07:10:00,BHARATI,-18.59,15.82,76.43,454.44,98.0,64.54,71.93,78.71,76.48,1499,RUNNING,0
2026-01-12 07:20:00,MAITRI,-24.66,4.29,55.27,307.56,75.96,69.23,70.76,64.97,46.75,1489,RUNNING,0
2026-01-12 07:30:00,BHARATI,-20.74,8.84,69.4,447.65,96.28,68.16,68.08,77.92,62.48,1503,RUNNING,0
2026-01-12 07:40:00,MAITRI,-22.58,14.98,56.11,495.11,96.03,67.68,69.32,81.95,66.69,1499,RUNNING,0
2026-01-12 07:50:00,BHARATI,-29.23,8.83,75.38,360.26,81.32,64.93,68.07,71.9,60.34,1523,RUNNING,0
2026-01-12 08:00:00,MAITRI,-28.22,10.82,66.82,487.57,79.91,69.06,71.6,67.15,72.57,1511,RUNNING,0
2026-01-12 08:10:00,BHARATI,-19.85,15.72,68.58,469.3,77.16,65.96,70.17,76.58,63.65,1503,RUNNING,0
2026-01-12 08:20:00,MAITRI,-26.67,14.11,55.61,549.64,81.52,66.86,67.52,78.81,77.71,1497,RUNNING,0
2026-01-12 08:30:00,BHARATI,-27.02,13.33,73.48,390.76,72.15,65.65,70.64,77.67,57.06,1520,RUNNING,0
2026-01-12 08:40:00,MAITRI,-29.78,10.3,90.02,343.17,81.47,65.29,69.54,81.62,51.2,1500,RUNNING,0
2026-01-12 08:50:00,BHARATI,-22.88,13.85,52.91,394.69,92.48,64.98,68.4,73.35,52.79,1504,RUNNING,0
2026-01-12 09:00:00,MAITRI,-14.69,11.38,60.92,520.49,77.72,65.03,72.19,74.59,71.9,1501,RUNNING,0
2026-01-12 09:10:00,BHARATI,-30.34,14.29,67.78,292.01,80.31,66.24,70.29,67.63,35.1,1495,RUNNING,0
2026-01-12 09:20:00,MAITRI,-24.88,9.52,74.44,275.21,70.09,65.87,69.81,72.67,43.48,1500,RUNNING,0
2026-01-12 09:30:00,BHARATI,-17.94,11.09,58.29,426.26,84.62,65.26,69.67,77.57,59.53,1476,RUNNING,0
2026-01-12 09:40:00,MAITRI,-25.4,7.05,31.0,389.02,83.85,67.56,68.33,72.54,57.44,1481,RUNNING,0
2026-01-12 09:50:00,BHARATI,-22.74,11.82,81.31,420.54,82.45,60.83,68.58,78.63,65.77,1504,RUNNING,0
2026-01-12 10:00:00,MAITRI,-30.31,7.94,74.13,486.17,80.48,66.04,71.68,79.02,70.33,1519,RUNNING,0
2026-01-12 10:10:00,BHARATI,-22.86,6.43,44.08,381.32,79.95,66.34,69.56,74.71,54.02,1504,RUNNING,0
2026-01-12 10:20:00,MAITRI,-25.94,13.29,57.71,288.89,85.51,66.97,70.15,68.61,42.05,1491,RUNNING,0
2026-01-12 10:30:00,BHARATI,-20.07,13.06,83.82,563.11,81.8,65.14,67.66,77.15,80.7,1483,RUNNING,0
2026-01-12 10:40:00,MAITRI,-19.06,15.91,82.37,350.19,84.2,65.54,68.53,64.04,55.01,1509,RUNNING,0
2026-01-12 10:50:00,BHARATI,-12.05,9.84,76.26,345.87,83.5,66.69,70.84,74.59,50.65,1493,RUNNING,0
2026-01-12 11:00:00,MAITRI,-22.1,14.04,62.89,497.26,89.86,25.0,70.55,77.54,68.86,1508,RUNNING,1
2026-01-12 11:10:00,BHARATI,-23.37,14.75,66.0,393.09,86.74,22.0,72.2,75.58,60.35,1505,RUNNING,1
2026-01-12 11:20:00,MAITRI,-24.03,14.22,63.43,415.56,83.35,65.58,71.7,77.41,64.29,1506,RUNNING,0
2026-01-12 11:30:00,BHARATI,-26.77,7.87,78.54,453.8,92.63,67.68,69.81,77.89,59.47,1500,RUNNING,0
2026-01-12 11:40:00,MAITRI,-23.31,12.75,54.49,495.85,84.94,61.97,70.64,76.95,76.97,1505,RUNNING,0
2026-01-12 11:50:00,BHARATI,-26.48,13.82,55.33,396.66,91.13,64.1,69.69,75.11,58.12,1499,RUNNING,0
2026-01-12 12:00:00,MAITRI,-24.16,12.04,77.12,526.4,86.25,67.33,72.53,72.54,76.33,1492,RUNNING,0
2026-01-12 12:10:00,BHARATI,-18.41,1.57,64.47,270.49,69.11,66.75,71.44,69.43,42.67,1488,RUNNING,0
2026-01-12 12:20:00,MAITRI,-30.03,12.8,81.54,473.19,91.13,65.89,70.26,77.03,65.33,1471,RUNNING,0
2026-01-12 12:30:00,BHARATI,-19.3,23.06,56.94,361.23,82.95,64.42,70.29,71.09,55.42,1498,RUNNING,0
2026-01-12 12:40:00,MAITRI,-18.41,10.2,64.34,516.06,81.64,63.76,71.77,81.34,72.22,1518,RUNNING,0
2026-01-12 12:50:00,BHARATI,-25.59,8.36,53.93,429.94,83.97,64.18,70.73,73.11,55.52,1509,RUNNING,0
2026-01-12 13:00:00,MAITRI,-35.61,13.87,65.09,372.9,79.59,67.38,71.9,75.19,49.28,1503,RUNNING,0
2026-01-12 13:10:00,BHARATI,-28.04,13.56,47.26,466.4,83.59,64.1,67.39,77.13,68.9,1491,RUNNING,0
2026-01-12 13:20:00,MAITRI,-18.52,17.96,59.15,482.52,77.86,65.18,70.57,80.05,65.15,1512,RUNNING,0
2026-01-12 13:30:00,BHARATI,-25.11,5.71,47.76,464.93,90.92,63.89,69.39,80.23,72.86,1499,RUNNING,0
2026-01-12 13:40:00,MAITRI,-30.0,15.66,73.33,347.92,81.2,66.27,72.11,76.47,54.46,1519,RUNNING,0
2026-01-12 13:50:00,BHARATI,-27.52,14.95,73.6,386.12,79.32,64.19,71.85,66.23,60.49,1488,RUNNING,0
2026-01-12 14:00:00,MAITRI,-20.8,11.29,44.24,419.71,75.53,64.84,70.03,80.27,60.46,1491,RUNNING,0
2026-01-12 14:10:00,BHARATI,-22.27,13.69,81.01,417.11,83.88,62.45,71.83,81.54,60.62,1490,RUNNING,0
2026-01-12 14:20:00,MAITRI,-26.19,17.15,94.97,472.48,83.31,62.54,72.12,74.88,62.72,1482,RUNNING,0
2026-01-12 14:30:00,BHARATI,-26.83,16.36,65.55,278.96,84.72,64.96,70.06,72.92,43.83,1489,RUNNING,0
2026-01-12 14:40:00,MAITRI,-26.96,6.28,57.31,443.4,74.81,62.95,72.93,72.52,64.86,1501,RUNNING,0
2026-01-12 14:50:00,BHARATI,-29.61,16.1,95.0,399.7,70.79,68.08,69.92,67.2,59.37,1491,RUNNING,0
2026-01-12 15:00:00,MAITRI,-16.92,11.68,49.17,361.3,86.38,61.82,69.7,71.08,58.37,1454,RUNNING,0
2026-01-12 15:10:00,BHARATI,-26.61,12.36,65.24,368.03,92.39,63.7,70.99,72.04,50.15,1513,RUNNING,0
2026-01-12 15:20:00,MAITRI,-18.91,12.37,67.16,404.98,74.82,64.91,69.52,73.71,57.35,1480,RUNNING,0
2026-01-12 15:30:00,BHARATI,-17.39,11.25,81.14,220.0,93.13,64.33,70.04,66.66,32.74,1507,RUNNING,0
2026-01-12 15:40:00,MAITRI,-20.01,17.96,69.32,370.91,83.99,63.21,71.62,71.34,49.25,1500,RUNNING,0
2026-01-12 15:50:00,BHARATI,-27.16,11.58,59.02,358.69,81.95,63.42,69.95,73.92,50.49,1525,RUNNING,0
2026-01-12 16:00:00,MAITRI,-22.98,6.4,53.59,457.29,79.22,63.35,67.89,73.35,67.3,1512,RUNNING,0
2026-01-12 16:10:00,BHARATI,-25.12,10.03,60.9,363.61,72.31,64.4,70.35,76.26,50.64,1494,RUNNING,0
2026-01-12 16:20:00,MAITRI,-29.52,12.89,52.92,404.94,88.91,67.74,69.07,77.85,63.08,1492,RUNNING,0
2026-01-12 16:30:00,BHARATI,-23.38,18.15,65.57,527.96,76.57,64.92,70.94,87.72,69.38,1518,RUNNING,0
2026-01-12 16:40:00,MAITRI,-30.9,15.02,58.23,489.6,76.54,66.57,70.73,81.74,74.43,1482,RUNNING,0
2026-01-12 16:50:00,BHARATI,-19.06,7.75,47.07,483.16,88.94,65.54,71.66,78.05,71.67,1502,RUNNING,0
2026-01-12 17:00:00,MAITRI,-27.32,24.43,80.06,385.01,68.82,66.44,70.97,72.14,52.73,1498,RUNNING,0
2026-01-12 17:10:00,BHARATI,-23.99,13.32,59.03,458.01,71.33,60.56,71.19,77.63,61.73,1496,RUNNING,0
2026-01-12 17:20:00,MAITRI,-23.58,18.38,49.78,403.63,81.87,64.29,69.07,76.4,49.34,1504,RUNNING,0
2026-01-12 17:30:00,BHARATI,-26.29,11.24,62.98,406.27,84.05,66.69,70.83,73.1,54.86,1502,RUNNING,0
2026-01-12 17:40:00,MAITRI,-22.07,14.67,65.82,448.68,85.39,63.86,72.22,79.35,68.29,1505,RUNNING,0
2026-01-12 17:50:00,BHARATI,-27.37,16.2,44.04,378.21,79.89,67.35,69.03,68.86,53.81,1502,RUNNING,0
2026-01-12 18:00:00,MAITRI,-20.64,18.09,68.98,524.51,98.0,66.92,72.01,77.14,79.58,1505,RUNNING,0
2026-01-12 18:10:00,BHARATI,-31.73,17.29,52.43,408.79,80.4,63.98,69.18,77.44,55.92,1501,RUNNING,0
2026-01-12 18:20:00,MAITRI,-24.37,16.36,85.53,463.29,80.38,63.92,68.81,75.43,69.01,1492,RUNNING,0
2026-01-12 18:30:00,BHARATI,-15.31,10.42,71.29,521.89,76.42,63.14,70.19,77.22,71.69,1500,RUNNING,0
2026-01-12 18:40:00,MAITRI,-30.0,9.14,60.2,492.22,82.87,63.7,70.68,76.75,66.45,1491,RUNNING,0
2026-01-12 18:50:00,BHARATI,-28.39,13.66,56.06,321.38,86.3,62.79,70.91,69.69,45.48,1491,RUNNING,0
2026-01-12 19:00:00,MAITRI,-22.43,16.67,63.74,451.14,90.43,65.27,68.66,80.97,61.79,1496,RUNNING,0
2026-01-12 19:10:00,BHARATI,-24.1,10.89,72.35,479.55,71.58,62.43,70.33,72.92,62.34,1499,RUNNING,0
2026-01-12 19:20:00,MAITRI,-23.25,17.33,64.69,482.43,80.28,65.51,68.98,78.33,68.19,1500,RUNNING,0
2026-01-12 19:30:00,BHARATI,-22.55,19.26,62.39,342.07,85.13,65.53,68.01,75.21,49.29,1511,RUNNING,0
2026-01-12 19:40:00,MAITRI,-21.83,7.42,65.7,374.01,86.11,62.08,68.67,70.56,58.5,1494,RUNNING,0
2026-01-12 19:50:00,BHARATI,-19.45,7.82,57.75,489.62,82.05,66.89,68.88,77.53,73.69,1502,RUNNING,0
2026-01-12 20:00:00,MAITRI,-22.95,11.3,60.88,366.68,85.8,65.32,70.4,70.53,57.26,1501,RUNNING,0
2026-01-12 20:10:00,BHARATI,-26.21,13.54,39.97,399.02,76.34,65.66,71.15,80.54,59.88,1493,RUNNING,0
2026-01-12 20:20:00,MAITRI,-21.64,9.38,76.68,530.31,92.91,63.39,68.0,73.7,77.09,1501,RUNNING,0
2026-01-12 20:30:00,BHARATI,-15.5,18.76,68.59,416.65,88.95,65.45,70.18,72.8,54.61,1512,RUNNING,0
2026-01-12 20:40:00,MAITRI,-25.66,14.12,55.72,369.13,72.59,66.19,68.34,69.33,53.33,1502,RUNNING,0
2026-01-12 20:50:00,BHARATI,-29.87,12.2,87.78,358.57,74.47,64.34,70.5,68.53,53.61,1503,RUNNING,0
2026-01-12 21:00:00,MAITRI,-19.46,4.82,66.04,443.29,74.67,67.48,68.99,82.45,69.16,1492,RUNNING,0
2026-01-12 21:10:00,BHARATI,-25.6,5.42,52.57,326.68,86.75,64.53,68.47,75.34,49.41,1524,RUNNING,0
2026-01-12 21:20:00,MAITRI,-35.86,13.41,75.28,402.69,73.01,66.17,70.69,75.63,62.49,1492,RUNNING,0
2026-01-12 21:30:00,BHARATI,-20.76,1.34,69.78,443.33,79.68,64.88,69.02,73.46,59.2,1480,RUNNING,0
2026-01-12 21:40:00,MAITRI,-27.68,17.06,69.73,510.94,85.18,65.31,69.34,81.4,71.69,1510,RUNNING,0
2026-01-12 21:50:00,BHARATI,-25.45,11.21,59.89,466.73,81.54,61.91,67.05,73.37,68.39,1499,RUNNING,0
2026-01-12 22:00:00,MAITRI,-23.34,28.22,70.41,370.02,83.81,64.96,70.84,77.42,57.5,1496,RUNNING,0
2026-01-12 22:10:00,BHARATI,-24.05,23.54,61.86,502.49,74.54,63.29,70.68,74.07,71.2,1493,RUNNING,0
2026-01-12 22:20:00,MAITRI,-21.45,11.09,71.67,399.03,86.16,63.11,69.7,72.4,56.68,1522,RUNNING,0
2026-01-12 22:30:00,BHARATI,-27.18,11.47,42.14,333.5,77.71,66.99,67.85,76.37,50.39,1504,RUNNING,0
2026-01-12 22:40:00,MAITRI,-22.43,16.98,59.79,407.96,79.73,64.04,71.13,78.65,53.78,1507,RUNNING,0
2026-01-12 22:50:00,BHARATI,-26.3,20.52,85.67,520.67,83.66,62.84,68.87,80.41,80.81,1502,RUNNING,0
2026-01-12 23:00:00,MAITRI,-21.31,3.81,55.8,431.57,82.72,63.8,69.12,71.59,58.14,1503,RUNNING,0
2026-01-12 23:10:00,BHARATI,-21.92,3.07,57.75,420.88,82.17,62.37,72.44,73.74,52.45,1517,RUNNING,0
2026-01-12 23:20:00,MAITRI,-29.68,8.89,59.62,534.6,76.75,66.46,68.81,78.99,76.41,1497,RUNNING,0
2026-01-12 23:30:00,BHARATI,-19.57,14.91,50.42,319.81,79.9,63.26,70.54,69.6,52.48,1483,RUNNING,0
2026-01-12 23:40:00,MAITRI,-27.68,14.48,38.5,330.01,82.02,65.08,70.32,78.73,49.49,1510,RUNNING,0
2026-01-12 23:50:00,BHARATI,-20.96,17.35,62.23,306.89,72.37,66.31,70.11,63.06,46.85,1506,RUNNING,0
2026-01-13 00:00:00,MAITRI,-23.16,6.0,66.63,446.09,78.76,63.51,69.97,73.04,63.89,1501,RUNNING,0
2026-01-13 00:10:00,BHARATI,-15.81,0.42,64.37,431.65,84.71,65.05,70.08,73.75,61.06,1506,RUNNING,0
2026-01-13 00:20:00,MAITRI,-26.12,16.29,63.26,527.99,73.06,62.69,69.95,66.82,69.25,1496,RUNNING,0
2026-01-13 00:30:00,BHARATI,-26.75,7.86,65.52,437.04,90.1,67.9,69.55,70.34,53.4,1500,RUNNING,0
2026-01-13 00:40:00,MAITRI,-25.1,1.91,77.27,391.71,90.89,65.62,71.42,77.29,56.74,1498,RUNNING,0
2026-01-13 00:50:00,BHARATI,-26.52,12.73,62.71,420.13,73.28,63.92,68.03,75.62,65.27,1493,RUNNING,0
2026-01-13 01:00:00,MAITRI,-21.0,15.97,58.11,428.24,91.5,63.03,70.82,82.0,62.55,1514,RUNNING,0
2026-01-13 01:10:00,BHARATI,-33.08,11.39,61.63,302.98,80.99,64.01,70.58,78.76,45.78,1483,RUNNING,0
2026-01-13 01:20:00,MAITRI,-30.27,9.71,71.95,609.72,84.93,63.66,70.42,81.98,93.44,1528,RUNNING,0
2026-01-13 01:30:00,BHARATI,-30.34,11.2,81.94,456.39,78.52,67.09,70.92,77.66,66.51,1511,RUNNING,0
2026-01-13 01:40:00,MAITRI,-20.25,10.15,57.46,434.7,88.46,62.31,69.46,76.13,61.61,1479,RUNNING,0
2026-01-13 01:50:00,BHARATI,-16.45,5.26,66.19,463.06,84.84,64.33,67.32,65.96,62.88,1497,RUNNING,0
2026-01-13 02:00:00,MAITRI,-25.52,8.43,69.06,469.66,76.3,64.09,69.47,71.16,75.18,1498,RUNNING,0
2026-01-13 02:10:00,BHARATI,-25.84,14.61,53.09,410.16,73.84,63.93,68.36,75.66,60.7,1505,RUNNING,0
2026-01-13 02:20:00,MAITRI,-24.65,13.61,65.25,375.81,71.78,63.93,68.67,76.86,49.91,1488,RUNNING,0
2026-01-13 02:30:00,BHARATI,-19.19,12.84,47.41,461.96,83.32,63.91,68.05,77.71,61.31,1500,RUNNING,0
2026-01-13 02:40:00,MAITRI,-29.64,7.02,43.77,447.0,86.01,65.38,68.96,72.61,68.87,1499,RUNNING,0
2026-01-13 02:50:00,BHARATI,-23.81,11.09,69.4,363.31,86.56,64.97,68.81,77.83,47.75,1491,RUNNING,0
2026-01-13 03:00:00,MAITRI,-20.12,1.11,60.39,519.33,81.17,64.68,66.67,83.91,81.61,1489,RUNNING,0
2026-01-13 03:10:00,BHARATI,-22.49,12.89,67.43,440.53,73.9,59.49,70.36,79.77,51.91,1511,RUNNING,0
2026-01-13 03:20:00,MAITRI,-24.05,19.14,64.79,471.09,77.23,64.47,72.18,80.74,72.99,1480,RUNNING,0
2026-01-13 03:30:00,BHARATI,-19.99,4.63,53.28,517.43,90.07,61.53,70.23,75.7,75.87,1506,RUNNING,0
2026-01-13 03:40:00,MAITRI,-38.52,9.07,64.46,421.53,78.61,64.97,69.26,79.84,60.69,1510,RUNNING,0
2026-01-13 03:50:00,BHARATI,-21.61,13.65,50.2,442.19,83.0,66.2,69.43,76.64,62.47,1497,RUNNING,0
2026-01-13 04:00:00,MAITRI,-28.27,18.26,81.69,476.7,74.47,62.59,68.98,78.96,75.66,1501,RUNNING,0
2026-01-13 04:10:00,BHARATI,-34.15,9.76,48.73,369.26,84.36,63.57,69.59,75.69,55.58,1514,RUNNING,0
2026-01-13 04:20:00,MAITRI,-22.44,8.54,62.65,423.78,78.8,63.05,69.43,75.11,56.93,1492,RUNNING,0
2026-01-13 04:30:00,BHARATI,-18.13,2.16,52.49,428.79,89.33,65.79,68.46,72.28,54.38,1493,RUNNING,0
2026-01-13 04:40:00,MAITRI,-25.69,12.52,71.85,353.08,87.41,64.07,71.48,73.5,51.15,1494,RUNNING,0
2026-01-13 04:50:00,BHARATI,-20.24,22.21,61.02,582.23,78.53,66.51,67.67,83.5,83.17,1514,RUNNING,0
2026-01-13 05:00:00,MAITRI,-16.94,13.39,58.78,321.49,81.11,64.52,70.31,71.27,39.85,1516,RUNNING,0
2026-01-13 05:10:00,BHARATI,-18.43,11.89,75.24,329.13,78.14,64.26,69.32,76.8,46.8,1483,RUNNING,0
2026-01-13 05:20:00,MAITRI,-16.8,13.61,65.35,512.0,72.06,63.98,71.72,80.75,70.85,1512,RUNNING,0
2026-01-13 05:30:00,BHARATI,-21.29,11.94,71.2,469.93,76.0,65.09,69.84,75.55,67.17,1510,RUNNING,0
2026-01-13 05:40:00,MAITRI,-24.62,7.93,53.22,348.18,83.39,61.25,69.0,79.26,52.64,1519,RUNNING,0
2026-01-13 05:50:00,BHARATI,-33.01,16.12,48.14,462.51,84.28,63.97,69.12,75.14,72.04,1505,RUNNING,0
2026-01-13 06:00:00,MAITRI,-26.23,13.13,66.29,522.75,83.04,63.73,69.46,84.11,78.31,1499,RUNNING,0
2026-01-13 06:10:00,BHARATI,-29.22,12.09,61.17,417.88,79.89,64.91,68.04,77.18,56.81,1514,RUNNING,0
2026-01-13 06:20:00,MAITRI,-14.15,7.12,72.52,601.92,88.53,63.53,68.48,79.98,87.46,1508,RUNNING,0
2026-01-13 06:30:00,BHARATI,-25.88,18.52,64.04,299.32,82.44,62.24,67.26,68.93,43.01,1527,RUNNING,0
2026-01-13 06:40:00,MAITRI,-24.38,15.32,67.46,468.57,86.92,63.8,68.28,76.36,61.61,1512,RUNNING,0
2026-01-13 06:50:00,BHARATI,-22.24,9.24,45.52,501.66,69.58,62.15,69.5,76.73,73.26,1502,RUNNING,0
2026-01-13 07:00:00,MAITRI,-24.78,17.01,87.66,482.39,55.0,60.87,69.74,72.03,76.34,1486,RUNNING,0
2026-01-13 07:10:00,BHARATI,-16.52,9.51,63.03,405.7,83.99,64.84,67.0,74.27,58.09,1493,RUNNING,0
2026-01-13 07:20:00,MAITRI,-28.11,8.09,73.37,399.67,72.03,64.6,69.2,71.78,50.72,1483,RUNNING,0
2026-01-13 07:30:00,BHARATI,-24.03,8.2,54.97,451.09,80.51,64.42,70.04,78.62,64.56,1497,RUNNING,0
2026-01-13 07:40:00,MAITRI,-28.71,3.14,68.7,477.1,79.89,65.67,69.16,82.15,63.3,1511,RUNNING,0
2026-01-13 07:50:00,BHARATI,-31.6,14.36,49.37,462.17,93.11,62.7,68.59,71.65,69.48,1500,RUNNING,0
2026-01-13 08:00:00,MAITRI,-28.06,2.84,70.42,492.8,84.8,61.54,68.85,84.17,72.5,1512,RUNNING,0
2026-01-13 08:10:00,BHARATI,-25.19,5.86,60.73,348.68,83.16,63.57,68.69,73.2,49.13,1504,RUNNING,0
2026-01-13 08:20:00,MAITRI,-27.15,1.62,65.35,404.06,87.86,63.14,68.57,71.2,56.4,1495,RUNNING,0
2026-01-13 08:30:00,BHARATI,-28.46,11.57,73.38,354.2,84.58,62.39,69.53,76.89,49.75,1501,RUNNING,0
2026-01-13 08:40:00,MAITRI,-32.03,11.25,50.21,392.97,78.8,63.52,72.09,73.04,56.17,1506,RUNNING,0
2026-01-13 08:50:00,BHARATI,-25.42,10.37,56.79,491.07,89.5,62.71,68.42,76.95,67.06,1502,RUNNING,0
2026-01-13 09:00:00,MAITRI,-32.52,6.79,70.49,427.56,74.23,60.86,68.93,74.07,55.53,1502,RUNNING,0
2026-01-13 09:10:00,BHARATI,-21.2,6.14,90.18,602.48,84.26,62.94,69.24,76.8,90.62,1491,RUNNING,0
2026-01-13 09:20:00,MAITRI,-24.59,14.32,63.34,433.54,71.17,61.89,68.47,78.73,60.39,1495,RUNNING,0
2026-01-13 09:30:00,BHARATI,-32.29,9.25,72.09,424.18,83.43,63.93,70.61,74.46,61.27,1527,RUNNING,0
2026-01-13 09:40:00,MAITRI,-26.55,13.58,63.72,427.43,83.35,62.58,66.44,69.94,62.2,1515,RUNNING,0
2026-01-13 09:50:00,BHARATI,-28.76,7.57,88.31,375.35,93.74,65.22,68.64,76.59,54.91,1482,RUNNING,0
2026-01-13 10:00:00,MAITRI,-23.4,12.91,44.03,415.95,71.05,65.95,70.25,70.58,54.73,1472,RUNNING,0
2026-01-13 10:10:00,BHARATI,-18.3,18.52,66.14,498.95,77.79,64.55,68.91,72.86,64.57,1501,RUNNING,0
2026-01-13 10:20:00,MAITRI,-34.38,14.93,45.49,427.98,87.76,61.19,68.27,80.47,58.78,1511,RUNNING,0
2026-01-13 10:30:00,BHARATI,-24.42,9.94,34.92,364.46,84.35,65.77,69.78,69.33,53.65,1494,RUNNING,0
2026-01-13 10:40:00,MAITRI,-25.8,13.29,68.57,355.24,83.26,65.86,70.34,64.62,47.84,1512,RUNNING,0
2026-01-13 10:50:00,BHARATI,-21.64,10.8,66.67,388.49,75.31,63.51,69.49,77.2,54.08,1501,RUNNING,0
2026-01-13 11:00:00,MAITRI,-23.93,12.04,61.58,425.17,77.86,65.46,68.27,74.41,69.25,1498,RUNNING,0
2026-01-13 11:10:00,BHARATI,-28.76,10.37,63.73,503.55,90.72,62.63,69.78,76.72,64.55,1509,RUNNING,0
2026-01-13 11:20:00,MAITRI,-26.6,11.18,95.0,326.17,81.64,60.65,68.74,71.9,43.57,1494,RUNNING,0
2026-01-13 11:30:00,BHARATI,-28.98,13.06,61.9,397.61,84.63,62.3,70.11,75.87,64.39,1497,RUNNING,0
2026-01-13 11:40:00,MAITRI,-19.62,7.03,71.12,430.1,81.19,66.02,70.99,72.74,61.26,1508,RUNNING,0
2026-01-13 11:50:00,BHARATI,-24.89,6.92,57.21,291.64,73.72,61.18,66.08,78.2,38.84,1500,RUNNING,0
2026-01-13 12:00:00,MAITRI,-15.49,5.06,68.54,361.65,88.54,63.4,69.33,68.14,56.34,1523,RUNNING,0
2026-01-13 12:10:00,BHARATI,-25.3,4.0,62.14,372.41,85.52,63.44,67.11,76.09,53.42,1508,RUNNING,0
2026-01-13 12:20:00,MAITRI,-28.54,5.91,60.07,364.28,98.0,62.61,72.12,76.68,50.65,1508,RUNNING,0
2026-01-13 12:30:00,BHARATI,-32.57,12.8,86.83,433.43,74.89,62.7,68.62,72.8,62.69,1499,RUNNING,0
2026-01-13 12:40:00,MAITRI,-34.02,7.54,79.13,408.76,87.76,63.46,70.07,71.12,55.76,1510,RUNNING,0
2026-01-13 12:50:00,BHARATI,-32.92,14.57,66.64,381.13,72.82,62.5,69.13,78.6,50.38,1496,RUNNING,0
2026-01-13 13:00:00,MAITRI,-23.66,12.17,37.35,449.96,83.1,61.19,68.2,72.29,63.83,1503,RUNNING,0
2026-01-13 13:10:00,BHARATI,-22.46,2.16,60.67,540.62,88.84,63.64,68.05,76.09,73.19,1489,RUNNING,0
2026-01-13 13:20:00,MAITRI,-32.91,15.27,95.0,534.75,67.5,64.91,71.05,81.92,76.44,1512,RUNNING,0
2026-01-13 13:30:00,BHARATI,-20.52,16.05,62.23,285.41,80.57,64.6,70.29,72.27,42.19,1503,RUNNING,0
2026-01-13 13:40:00,MAITRI,-27.42,7.03,78.24,460.4,78.06,62.07,71.47,69.32,69.18,1524,RUNNING,0
2026-01-13 13:50:00,BHARATI,-24.27,14.1,82.3,407.54,77.09,61.39,69.2,82.18,62.73,1529,RUNNING,0
2026-01-13 14:00:00,MAITRI,-16.94,7.72,67.63,430.86,84.7,62.83,69.47,73.65,59.93,1509,RUNNING,0
2026-01-13 14:10:00,BHARATI,-20.52,12.49,54.9,392.12,89.84,65.6,68.8,73.19,58.01,1501,RUNNING,0
2026-01-13 14:20:00,MAITRI,-26.34,5.68,35.78,428.23,81.07,64.2,68.77,76.73,63.15,1489,RUNNING,0
2026-01-13 14:30:00,BHARATI,-29.46,3.03,73.21,430.6,83.44,64.28,67.86,78.27,62.83,1511,RUNNING,0
2026-01-13 14:40:00,MAITRI,-35.76,10.09,55.22,379.47,82.8,64.54,69.2,82.33,52.29,1503,RUNNING,0
2026-01-13 14:50:00,BHARATI,-28.6,11.38,67.11,357.25,82.01,63.83,68.15,67.29,46.92,1506,RUNNING,0
2026-01-13 15:00:00,MAITRI,-26.06,10.01,50.0,388.59,74.37,63.36,69.62,78.02,57.52,1521,RUNNING,0
2026-01-13 15:10:00,BHARATI,-29.94,6.08,61.82,436.4,89.76,64.17,69.29,78.88,55.52,1490,RUNNING,0
2026-01-13 15:20:00,MAITRI,-25.66,10.0,65.4,461.93,84.07,62.34,69.43,76.0,64.92,1489,RUNNING,0
2026-01-13 15:30:00,BHARATI,-24.62,13.35,68.22,479.73,84.76,61.03,71.08,80.14,58.32,1497,RUNNING,0
2026-01-13 15:40:00,MAITRI,-26.12,11.78,51.62,385.41,76.35,64.22,69.02,78.37,49.71,1510,RUNNING,0
2026-01-13 15:50:00,BHARATI,-28.25,12.91,79.36,439.87,78.79,64.98,69.97,70.47,59.33,1507,RUNNING,0
2026-01-13 16:00:00,MAITRI,-24.16,8.65,57.84,487.38,80.77,61.43,71.52,84.18,74.01,1489,RUNNING,0
2026-01-13 16:10:00,BHARATI,-22.79,17.86,44.91,501.59,71.26,64.33,70.62,71.3,74.41,1509,RUNNING,0
2026-01-13 16:20:00,MAITRI,-30.45,6.12,63.69,415.88,70.18,65.61,70.43,70.86,57.2,1486,RUNNING,0
2026-01-13 16:30:00,BHARATI,-17.95,14.44,65.41,404.53,77.79,63.07,68.67,74.07,60.71,1490,RUNNING,0
2026-01-13 16:40:00,MAITRI,-25.49,17.91,66.93,433.38,85.66,61.84,69.31,83.53,65.46,1499,RUNNING,0
2026-01-13 16:50:00,BHARATI,-24.91,14.4,81.35,339.52,77.43,63.24,67.44,72.25,47.86,1493,RUNNING,0
2026-01-13 17:00:00,MAITRI,-21.46,10.99,62.16,406.45,74.87,62.21,69.62,75.03,52.53,1511,RUNNING,0
2026-01-13 17:10:00,BHARATI,-23.83,9.36,63.56,472.12,76.3,62.1,69.34,82.53,66.61,1503,RUNNING,0
2026-01-13 17:20:00,MAITRI,-20.23,17.18,51.76,464.94,78.81,63.67,69.04,75.42,66.03,1521,RUNNING,0
2026-01-13 17:30:00,BHARATI,-23.56,4.89,74.85,401.08,79.52,60.6,70.23,70.31,52.37,1497,RUNNING,0
2026-01-13 17:40:00,MAITRI,-28.06,7.15,67.21,435.24,97.16,60.83,67.55,74.21,63.65,1499,RUNNING,0
2026-01-13 17:50:00,BHARATI,-23.19,10.01,59.96,362.27,89.38,63.01,70.95,79.54,52.87,1515,RUNNING,0
2026-01-13 18:00:00,MAITRI,-30.72,18.19,42.14,469.24,89.17,62.93,70.07,77.01,68.82,1499,RUNNING,0
2026-01-13 18:10:00,BHARATI,-24.46,13.9,82.33,414.55,90.18,63.47,68.89,83.09,60.34,1518,RUNNING,0
2026-01-13 18:20:00,MAITRI,-25.17,7.16,50.27,400.68,75.01,65.76,68.79,77.97,60.16,1506,RUNNING,0
2026-01-13 18:30:00,BHARATI,-26.04,10.45,57.9,394.68,73.44,63.09,69.54,72.29,55.67,1472,RUNNING,0
2026-01-13 18:40:00,MAITRI,-25.64,8.93,69.3,415.6,74.25,63.82,70.79,75.59,60.18,1514,RUNNING,0
2026-01-13 18:50:00,BHARATI,-34.41,8.45,50.64,388.65,91.34,61.44,69.08,71.3,53.93,1511,RUNNING,0
2026-01-13 19:00:00,MAITRI,-27.74,16.89,47.08,466.07,78.17,64.05,69.12,73.98,64.24,1511,RUNNING,0
2026-01-13 19:10:00,BHARATI,-24.54,5.14,39.51,392.33,73.24,62.09,68.96,90.0,61.4,1477,RUNNING,0
2026-01-13 19:20:00,MAITRI,-24.2,20.04,73.65,531.51,78.98,62.98,71.07,82.36,67.75,1492,RUNNING,0
2026-01-13 19:30:00,BHARATI,-30.14,16.14,58.46,522.56,80.33,62.7,68.49,81.51,78.16,1493,RUNNING,0
2026-01-13 19:40:00,MAITRI,-18.67,17.45,95.0,357.59,83.88,64.4,68.89,71.45,48.6,1490,RUNNING,0
2026-01-13 19:50:00,BHARATI,-29.33,9.69,53.07,424.88,83.76,60.87,70.67,81.9,57.7,1521,RUNNING,0
2026-01-13 20:00:00,MAITRI,-20.15,11.25,53.94,374.45,76.2,59.4,69.09,78.76,54.54,1500,RUNNING,0
2026-01-13 20:10:00,BHARATI,-22.86,4.83,58.22,397.13,86.8,62.49,70.27,82.45,50.78,1500,RUNNING,0
2026-01-13 20:20:00,MAITRI,-28.23,9.38,67.92,560.17,77.53,63.5,67.81,86.34,76.76,1507,RUNNING,0
2026-01-13 20:30:00,BHARATI,-16.12,14.47,59.36,398.47,80.91,63.02,68.65,69.05,53.53,1507,RUNNING,0
2026-01-13 20:40:00,MAITRI,-30.97,18.48,72.35,445.22,86.81,64.62,70.67,71.69,62.72,1460,RUNNING,0
2026-01-13 20:50:00,BHARATI,-20.4,6.46,53.26,457.89,77.51,63.42,68.07,72.43,62.2,1492,RUNNING,0
2026-01-13 21:00:00,MAITRI,-20.0,10.17,48.42,349.96,78.01,61.91,68.69,69.97,56.4,1483,RUNNING,0
2026-01-13 21:10:00,BHARATI,-28.35,11.24,43.42,360.14,86.14,59.25,69.18,75.3,58.64,1505,RUNNING,0
2026-01-13 21:20:00,MAITRI,-18.04,5.02,38.32,335.58,76.0,62.37,67.68,71.12,39.85,1497,RUNNING,0
2026-01-13 21:30:00,BHARATI,-26.25,14.96,58.78,357.98,79.31,64.26,68.36,82.24,53.32,1500,RUNNING,0
2026-01-13 21:40:00,MAITRI,-23.56,8.38,61.39,220.5,85.89,62.12,68.99,78.13,34.93,1475,RUNNING,0
2026-01-13 21:50:00,BHARATI,-23.7,11.02,57.42,458.12,96.38,62.73,68.9,76.43,67.62,1496,RUNNING,0
2026-01-13 22:00:00,MAITRI,-25.67,9.74,79.92,563.79,86.24,63.31,70.38,86.92,77.91,1513,RUNNING,0
2026-01-13 22:10:00,BHARATI,-20.95,8.05,79.74,430.35,85.31,61.15,70.68,81.71,60.5,1517,RUNNING,0
2026-01-13 22:20:00,MAITRI,-21.03,11.96,60.98,320.86,85.72,63.59,67.8,71.22,42.84,1509,RUNNING,0
2026-01-13 22:30:00,BHARATI,-33.74,10.92,43.47,375.01,74.49,65.1,68.96,66.34,51.89,1484,RUNNING,0
2026-01-13 22:40:00,MAITRI,-18.48,10.14,58.2,387.88,82.81,62.37,69.63,73.83,50.57,1515,RUNNING,0
2026-01-13 22:50:00,BHARATI,-33.31,8.36,57.8,348.77,81.79,60.93,70.63,71.14,49.36,1509,RUNNING,0
2026-01-13 23:00:00,MAITRI,-19.84,13.6,57.11,480.21,84.25,62.51,69.67,77.83,62.59,1499,RUNNING,0
2026-01-13 23:10:00,BHARATI,-19.37,20.27,56.63,476.72,82.82,59.26,69.15,77.27,67.3,1476,RUNNING,0
2026-01-13 23:20:00,MAITRI,-30.45,12.7,57.16,339.12,84.66,63.09,69.59,73.73,43.45,1511,RUNNING,0
2026-01-13 23:30:00,BHARATI,-27.05,16.98,60.36,470.76,79.82,63.25,69.59,78.86,68.08,1493,RUNNING,0
2026-01-13 23:40:00,MAITRI,-30.53,5.05,57.37,526.88,82.41,65.07,67.67,73.32,72.55,1504,RUNNING,0
2026-01-13 23:50:00,BHARATI,-26.07,12.79,67.5,553.18,73.41,62.26,69.01,80.47,80.19,1501,RUNNING,0
2026-01-14 00:00:00,MAITRI,-26.54,6.51,69.32,620.56,79.76,63.15,70.52,78.76,92.98,1518,RUNNING,0
2026-01-14 00:10:00,BHARATI,-21.1,4.62,54.07,356.86,91.74,61.23,68.51,74.72,57.34,1498,RUNNING,0
2026-01-14 00:20:00,MAITRI,-18.45,8.3,80.25,617.7,84.23,61.98,68.91,84.27,78.13,1500,RUNNING,0
2026-01-14 00:30:00,BHARATI,-18.02,17.96,53.24,395.21,81.85,60.21,68.46,69.98,53.12,1519,RUNNING,0
2026-01-14 00:40:00,MAITRI,-27.81,16.75,45.59,378.53,95.27,62.2,65.97,73.34,52.86,1492,RUNNING,0
2026-01-14 00:50:00,BHARATI,-26.05,13.22,69.57,442.9,72.47,62.02,68.76,75.6,65.11,1510,RUNNING,0
2026-01-14 01:00:00,MAITRI,-33.42,4.34,55.19,379.26,74.23,62.91,69.09,72.42,47.58,1498,RUNNING,0
2026-01-14 01:10:00,BHARATI,-29.03,11.02,68.86,447.93,93.99,61.52,68.11,79.8,60.06,1488,RUNNING,0
2026-01-14 01:20:00,MAITRI,-20.18,13.51,36.16,327.59,82.32,62.57,67.33,70.31,47.32,1500,RUNNING,0
2026-01-14 01:30:00,BHARATI,-16.92,12.88,81.71,403.29,80.3,61.93,67.66,72.86,57.95,1508,RUNNING,0
2026-01-14 01:40:00,MAITRI,-31.17,2.78,73.07,509.99,73.61,61.92,69.63,74.91,74.37,1516,RUNNING,0
2026-01-14 01:50:00,BHARATI,-27.96,7.55,46.99,416.01,85.13,62.52,71.07,79.77,61.2,1518,RUNNING,0
2026-01-14 02:00:00,MAITRI,-25.13,11.68,47.25,429.91,85.81,62.45,70.35,73.78,62.77,1496,RUNNING,0
2026-01-14 02:10:00,BHARATI,-23.6,14.68,85.07,453.27,74.34,63.52,67.08,78.17,65.53,1488,RUNNING,0
2026-01-14 02:20:00,MAITRI,-29.05,1.02,56.15,501.95,81.02,62.19,69.71,85.45,71.93,1496,RUNNING,0
2026-01-14 02:30:00,BHARATI,-22.88,11.19,54.99,304.13,79.65,61.83,67.88,72.3,46.11,1486,RUNNING,0
2026-01-14 02:40:00,MAITRI,-27.37,12.72,37.81,460.92,83.79,62.07,67.97,80.97,56.89,1497,RUNNING,0
2026-01-14 02:50:00,BHARATI,-25.07,16.25,60.79,401.23,74.17,61.26,68.11,81.72,63.5,1496,RUNNING,0
2026-01-14 03:00:00,MAITRI,-22.27,15.46,62.27,431.66,90.76,61.78,69.51,79.9,52.85,1509,RUNNING,0
2026-01-14 03:10:00,BHARATI,-24.97,14.91,73.59,494.2,88.41,65.35,69.81,77.29,66.28,1474,RUNNING,0
2026-01-14 03:20:00,MAITRI,-27.18,8.0,48.21,336.41,79.46,60.93,68.53,75.98,47.15,1491,RUNNING,0
2026-01-14 03:30:00,BHARATI,-25.55,2.46,46.76,349.11,80.49,61.87,68.54,68.58,52.56,1491,RUNNING,0
2026-01-14 03:40:00,MAITRI,-25.44,10.03,70.41,284.52,81.05,61.69,69.19,68.99,28.66,1514,STANDBY,0
2026-01-14 03:50:00,BHARATI,-26.85,17.01,77.08,381.56,76.55,61.89,69.31,72.12,54.4,1487,RUNNING,0
2026-01-14 04:00:00,MAITRI,-26.29,18.97,46.15,513.13,78.9,61.75,70.04,86.79,76.47,1503,RUNNING,0
2026-01-14 04:10:00,BHARATI,-17.01,15.55,77.98,411.56,80.11,62.65,67.08,72.04,62.77,1498,RUNNING,0
2026-01-14 04:20:00,MAITRI,-22.2,14.15,65.45,326.19,93.29,59.66,68.64,69.84,43.81,1513,RUNNING,0
2026-01-14 04:30:00,BHARATI,-26.48,13.9,78.1,386.0,88.63,63.77,67.32,70.47,53.94,1507,RUNNING,0
2026-01-14 04:40:00,MAITRI,-21.52,9.22,64.16,315.85,88.54,63.15,68.54,75.14,42.66,1501,RUNNING,0
2026-01-14 04:50:00,BHARATI,-26.67,11.35,34.73,341.24,84.59,60.32,68.32,74.1,47.18,1493,RUNNING,0
2026-01-14 05:00:00,MAITRI,-19.13,20.35,63.18,447.22,74.18,58.77,68.53,80.53,59.76,1478,RUNNING,0
2026-01-14 05:10:00,BHARATI,-23.15,7.29,77.72,337.83,81.71,60.7,67.62,76.13,44.7,1503,RUNNING,0
2026-01-14 05:20:00,MAITRI,-25.54,20.07,54.28,497.88,88.79,61.79,66.79,71.93,72.86,1506,RUNNING,0
2026-01-14 05:30:00,BHARATI,-22.76,10.39,60.34,415.02,73.19,66.01,66.06,72.15,59.82,1481,RUNNING,0
2026-01-14 05:40:00,MAITRI,-32.85,18.63,62.89,425.99,86.46,62.94,68.41,81.11,62.82,1485,RUNNING,0
2026-01-14 05:50:00,BHARATI,-30.63,4.97,30.21,400.51,98.0,59.4,68.04,74.2,58.07,1503,RUNNING,0
2026-01-14 06:00:00,MAITRI,-30.97,14.93,85.06,474.1,89.43,61.07,67.74,81.6,70.55,1504,RUNNING,0
2026-01-14 06:10:00,BHARATI,-24.29,8.32,54.18,474.82,91.9,62.01,70.13,76.27,71.34,1488,RUNNING,0
2026-01-14 06:20:00,MAITRI,-16.34,4.92,71.07,443.45,83.53,62.46,67.51,72.22,56.38,1493,RUNNING,0
2026-01-14 06:30:00,BHARATI,-13.84,13.09,63.96,459.54,88.78,60.1,70.23,75.28,62.23,1478,RUNNING,0
2026-01-14 06:40:00,MAITRI,-21.81,17.05,80.09,405.15,76.98,61.85,70.48,71.26,56.95,1517,RUNNING,0
2026-01-14 06:50:00,BHARATI,-22.5,7.78,69.87,457.95,87.57,60.97,66.18,74.19,65.33,1484,RUNNING,0
2026-01-14 07:00:00,MAITRI,-34.01,4.5,62.18,396.35,86.58,60.38,68.63,75.71,53.94,1507,RUNNING,0
2026-01-14 07:10:00,BHARATI,-27.71,11.54,54.28,420.16,84.03,62.41,68.03,77.55,63.67,1500,RUNNING,0
2026-01-14 07:20:00,MAITRI,-28.94,11.56,74.57,400.77,91.21,63.17,65.01,68.66,65.17,1515,RUNNING,0
2026-01-14 07:30:00,BHARATI,-28.1,14.74,42.52,387.99,78.23,63.26,66.76,74.63,56.17,1490,RUNNING,0
2026-01-14 07:40:00,MAITRI,-25.84,16.75,72.75,371.76,80.69,62.85,69.42,71.95,53.45,1501,RUNNING,0
2026-01-14 07:50:00,BHARATI,-27.36,11.7,51.81,452.74,82.67,61.23,70.91,73.72,68.07,1480,RUNNING,0
2026-01-14 08:00:00,MAITRI,-34.9,21.28,80.03,511.74,74.79,63.03,69.56,78.32,65.64,1477,RUNNING,0
2026-01-14 08:10:00,BHARATI,-21.26,13.12,66.94,501.98,83.59,62.41,68.86,75.35,71.82,1507,RUNNING,0
2026-01-14 08:20:00,MAITRI,-30.36,10.27,72.73,332.04,69.97,62.14,68.44,78.83,51.35,1479,RUNNING,0
2026-01-14 08:30:00,BHARATI,-23.8,3.94,65.98,510.24,89.33,61.01,70.48,82.51,70.32,1497,RUNNING,0
2026-01-14 08:40:00,MAITRI,-14.63,10.69,43.97,397.73,82.33,61.17,71.03,79.67,51.91,1512,RUNNING,0
2026-01-14 08:50:00,BHARATI,-29.6,10.32,54.67,462.05,78.35,62.01,67.75,74.57,65.26,1509,RUNNING,0
2026-01-14 09:00:00,MAITRI,-37.65,16.8,73.07,356.56,76.16,65.55,66.04,70.06,50.7,1492,RUNNING,0
2026-01-14 09:10:00,BHARATI,-26.43,14.31,67.0,429.94,80.36,62.33,65.92,76.08,57.79,1481,RUNNING,0
2026-01-14 09:20:00,MAITRI,-19.5,6.1,79.17,441.96,86.82,60.95,70.02,75.45,71.52,1506,RUNNING,0
2026-01-14 09:30:00,BHARATI,-15.21,12.86,69.84,316.08,85.83,60.6,68.37,70.47,43.24,1516,RUNNING,0
2026-01-14 09:40:00,MAITRI,-31.15,15.36,53.4,462.58,77.06,61.1,68.64,71.86,61.47,1492,RUNNING,0
2026-01-14 09:50:00,BHARATI,-22.52,19.64,55.45,514.22,76.08,65.09,66.27,77.69,73.08,1490,RUNNING,0
2026-01-14 10:00:00,MAITRI,-27.33,16.44,66.24,407.77,86.6,61.22,67.5,73.58,61.88,1494,RUNNING,0
2026-01-14 10:10:00,BHARATI,-25.53,15.8,37.23,515.21,76.94,63.16,68.05,80.63,73.67,1507,RUNNING,0
2026-01-14 10:20:00,MAITRI,-11.78,12.3,85.08,406.72,82.42,61.23,68.65,77.83,60.05,1515,RUNNING,0
2026-01-14 10:30:00,BHARATI,-32.51,13.94,70.3,479.47,82.87,62.17,67.91,81.39,65.01,1485,RUNNING,0
2026-01-14 10:40:00,MAITRI,-23.73,18.25,79.72,264.7,84.18,62.96,67.14,66.58,43.77,1482,RUNNING,0
2026-01-14 10:50:00,BHARATI,-22.66,5.34,46.03,589.31,88.01,60.9,67.44,81.34,86.43,1528,RUNNING,0
2026-01-14 11:00:00,MAITRI,-19.57,10.25,79.93,524.68,73.16,60.78,69.82,75.21,79.15,1498,RUNNING,0
2026-01-14 11:10:00,BHARATI,-24.51,8.14,91.78,400.08,68.62,64.22,68.66,70.12,58.61,1503,RUNNING,0
2026-01-14 11:20:00,MAITRI,-23.46,13.9,49.15,281.95,78.03,63.2,69.09,70.33,43.58,1492,RUNNING,0
2026-01-14 11:30:00,BHARATI,-26.96,18.15,74.26,440.16,94.61,62.89,67.28,80.28,59.39,1506,RUNNING,0
2026-01-14 11:40:00,MAITRI,-23.65,9.02,65.01,318.93,96.16,62.88,64.8,71.48,43.6,1512,RUNNING,0
2026-01-14 11:50:00,BHARATI,-26.72,0.05,46.47,451.14,94.82,62.37,67.71,82.54,69.83,1504,RUNNING,0
2026-01-14 12:00:00,MAITRI,-21.89,9.94,70.91,448.81,80.65,64.7,67.3,78.42,70.35,1521,RUNNING,0
2026-01-14 12:10:00,BHARATI,-26.85,16.57,75.0,354.1,69.53,61.73,68.75,72.28,46.0,1496,RUNNING,0
2026-01-14 12:20:00,MAITRI,-23.11,14.69,57.79,498.47,65.6,62.51,72.27,82.1,72.21,1497,RUNNING,0
2026-01-14 12:30:00,BHARATI,-25.15,14.14,78.99,476.39,77.7,59.46,69.15,78.69,66.33,1503,RUNNING,0
2026-01-14 12:40:00,MAITRI,-19.37,10.6,45.0,488.31,80.61,60.39,71.6,73.48,66.97,1506,RUNNING,0
2026-01-14 12:50:00,BHARATI,-25.26,5.6,47.06,420.62,91.1,59.81,68.99,82.95,61.23,1503,RUNNING,0
2026-01-14 13:00:00,MAITRI,-33.87,14.58,66.64,320.91,88.07,63.51,67.54,74.06,50.41,1485,RUNNING,0
2026-01-14 13:10:00,BHARATI,-18.69,7.83,65.3,488.45,83.59,57.76,68.71,77.29,71.59,1504,RUNNING,0
2026-01-14 13:20:00,MAITRI,-29.53,22.92,56.4,401.07,75.77,60.97,70.42,71.6,56.02,1496,RUNNING,0
2026-01-14 13:30:00,BHARATI,-28.27,14.85,74.72,322.72,75.27,57.07,70.48,77.79,48.16,1493,RUNNING,0
2026-01-14 13:40:00,MAITRI,-27.98,9.1,71.37,514.64,83.78,60.31,67.59,79.94,72.08,1500,RUNNING,0
2026-01-14 13:50:00,BHARATI,-18.13,8.94,75.3,566.96,86.88,60.8,68.57,81.69,82.64,1488,RUNNING,0
2026-01-14 14:00:00,MAITRI,-35.68,11.54,63.52,417.11,84.74,63.61,66.55,73.4,65.17,1486,RUNNING,0
2026-01-14 14:10:00,BHARATI,-9.31,10.8,72.23,571.14,74.76,62.11,69.25,82.61,73.28,1469,RUNNING,0
2026-01-14 14:20:00,MAITRI,-19.72,17.58,59.65,426.39,86.55,60.25,70.12,79.31,64.1,1521,RUNNING,0
2026-01-14 14:30:00,BHARATI,-23.88,12.93,89.65,393.37,84.98,63.09,68.29,72.16,50.04,1507,RUNNING,0
2026-01-14 14:40:00,MAITRI,-25.27,8.34,55.25,375.87,74.51,61.51,67.44,68.73,58.61,1499,RUNNING,0
2026-01-14 14:50:00,BHARATI,-23.57,21.45,90.26,534.6,76.51,61.52,68.67,80.69,73.82,1492,RUNNING,0
2026-01-14 15:00:00,MAITRI,-22.39,12.25,65.42,365.39,86.82,59.65,68.73,67.84,47.33,1465,RUNNING,0
2026-01-14 15:10:00,BHARATI,-21.77,15.84,48.49,471.47,80.36,59.96,68.32,77.39,70.13,1491,RUNNING,0
2026-01-14 15:20:00,MAITRI,-22.22,8.96,81.42,380.86,93.12,60.19,68.43,72.73,55.87,1509,RUNNING,0
2026-01-14 15:30:00,BHARATI,-24.55,13.82,66.51,387.78,85.51,61.49,68.0,79.57,51.4,1511,RUNNING,0
2026-01-14 15:40:00,MAITRI,-25.99,13.56,75.21,492.12,78.59,61.52,69.4,75.73,65.29,1508,RUNNING,0
2026-01-14 15:50:00,BHARATI,-25.76,2.55,79.69,393.4,81.93,63.71,69.08,79.26,55.45,1502,RUNNING,0
2026-01-14 16:00:00,MAITRI,-25.97,22.08,69.06,391.66,82.44,61.96,67.01,72.73,51.14,1516,RUNNING,0
2026-01-14 16:10:00,BHARATI,-19.33,18.45,57.89,499.3,76.9,57.31,66.97,81.48,67.08,1496,RUNNING,0
2026-01-14 16:20:00,MAITRI,-22.03,10.01,76.71,531.82,75.61,61.75,67.87,86.54,76.44,1513,RUNNING,0
2026-01-14 16:30:00,BHARATI,-39.7,6.49,65.01,465.13,86.91,59.17,69.06,72.36,62.58,1495,RUNNING,0
2026-01-14 16:40:00,MAITRI,-21.72,13.74,73.23,374.17,87.92,59.89,68.35,75.52,55.16,1489,RUNNING,0
2026-01-14 16:50:00,BHARATI,-24.03,12.43,39.16,384.26,86.23,60.11,67.39,85.6,60.85,1488,RUNNING,0
2026-01-14 17:00:00,MAITRI,-25.09,13.78,70.36,425.59,92.61,60.32,68.47,75.91,60.2,1487,RUNNING,0
2026-01-14 17:10:00,BHARATI,-26.94,12.96,57.34,442.47,78.21,59.24,67.75,76.31,63.73,1508,RUNNING,0
2026-01-14 17:20:00,MAITRI,-19.38,14.53,84.84,350.85,93.72,61.59,69.2,76.93,58.19,1491,RUNNING,0
2026-01-14 17:30:00,BHARATI,-20.26,19.24,72.48,470.61,75.69,59.16,68.54,76.93,62.48,1488,RUNNING,0
2026-01-14 17:40:00,MAITRI,-28.86,14.84,67.88,425.99,74.91,61.8,67.75,68.82,65.62,1509,RUNNING,0
2026-01-14 17:50:00,BHARATI,-22.96,6.75,70.84,299.9,69.68,64.61,68.4,77.03,47.13,1504,RUNNING,0
2026-01-14 18:00:00,MAITRI,-29.86,18.81,53.02,354.98,78.88,59.25,69.7,65.86,54.13,1512,RUNNING,0
2026-01-14 18:10:00,BHARATI,-31.9,20.2,84.48,384.71,78.47,60.8,67.43,72.95,60.13,1506,RUNNING,0
2026-01-14 18:20:00,MAITRI,-28.13,27.76,88.9,414.9,85.68,57.43,68.59,80.2,60.39,1491,RUNNING,0
2026-01-14 18:30:00,BHARATI,-20.69,6.38,69.71,552.25,83.71,60.75,68.02,77.38,76.56,1501,RUNNING,0
2026-01-14 18:40:00,MAITRI,-20.23,13.21,84.08,436.67,73.65,62.16,68.61,73.14,66.76,1502,RUNNING,0
2026-01-14 18:50:00,BHARATI,-22.43,1.59,58.17,361.15,79.25,62.26,67.3,77.55,56.12,1489,RUNNING,0
2026-01-14 19:00:00,MAITRI,-21.37,14.77,55.43,435.44,79.4,61.28,68.22,72.48,66.63,1487,RUNNING,0
2026-01-14 19:10:00,BHARATI,-22.42,9.26,65.49,395.35,69.57,62.49,69.41,69.99,56.66,1492,RUNNING,0
2026-01-14 19:20:00,MAITRI,-28.21,21.62,70.22,442.73,75.13,64.96,66.95,77.17,60.38,1524,RUNNING,0
2026-01-14 19:30:00,BHARATI,-22.84,8.13,60.27,460.64,76.6,63.7,66.47,75.78,66.57,1495,RUNNING,0
2026-01-14 19:40:00,MAITRI,-21.0,3.55,71.45,504.65,92.04,60.34,66.51,72.64,75.86,1515,RUNNING,0
2026-01-14 19:50:00,BHARATI,-21.23,9.64,68.68,418.3,83.34,58.93,66.65,78.01,63.85,1494,RUNNING,0
2026-01-14 20:00:00,MAITRI,-19.06,2.12,53.02,534.73,86.64,60.49,68.76,80.23,74.67,1511,RUNNING,0
2026-01-14 20:10:00,BHARATI,-21.46,15.76,71.23,483.56,71.51,59.66,66.35,75.65,70.34,1511,RUNNING,0
2026-01-14 20:20:00,MAITRI,-23.24,1.67,75.36,370.48,90.36,61.75,67.68,73.1,47.69,1511,RUNNING,0
2026-01-14 20:30:00,BHARATI,-19.65,12.14,67.06,574.69,91.11,59.29,68.77,81.25,86.04,1505,RUNNING,0
2026-01-14 20:40:00,MAITRI,-25.13,1.61,78.83,442.89,68.01,60.94,68.52,80.83,60.14,1517,RUNNING,0
2026-01-14 20:50:00,BHARATI,-29.41,10.4,50.39,361.54,77.06,62.29,67.56,72.91,54.79,1505,RUNNING,0
2026-01-14 21:00:00,MAITRI,-25.82,20.22,70.62,535.7,85.47,60.87,68.24,81.01,71.93,1521,RUNNING,0
2026-01-14 21:10:00,BHARATI,-28.72,13.8,50.96,565.44,86.51,59.59,68.13,81.4,84.9,1481,RUNNING,0
